:10C7D9003D3D3D20BBB7BEB3BCE0B2E2D2C7203D70
:05C7E9003D3D0D0A00BA
:10BAB60043BA8012C78112C41F12C97812C9D312A1
:10BAC600BCD812A17012C9F712C9B412B36012B968
:10BAD600BD7F3C7E00129BBA7F0112C68B7FC87E5B
:10BAE6000012C39DE4FF12C68B7BFF7AC779D91279
:10BAF600C82C127E711268837F0A7E0012C39D8055
:01BB0600F14D
:10008E0000C6DFCCA8BAD300C8FDD1C700C8FDC3D7
:10009E00F700C8FDC9B300C8FDC3C5CFBF00C9CFA7
:1000AE00BAA300C9CFC8C400B6ABDDB800B6ABD397
:1000BE00AA00D6D0CEC000D6D0C9BD00C1D9CFC4FB
:1000CE0000C1D9B7DA00C1D9D2CA00C1D9B2D7009E
:1000DE00B5A4B6AB00C0F6CBAE00C0F6BDAD00CE3B
:1000EE00DAC0BCB2ECB2BC00CEDABAA300CEDAC231
:1000FE00B3C4BEC6EB00C0D6C9BD00BEC5BDAD0003
:10010E00D4C6B8A100D9F1D6DD00D2C1B4BA00D29E
:10011E00C1C0E700B7F0C9BD00BCD1C4BECBB900A9
:10012E00B1A3B6A800B1A3C9BD00D0C5D1F400D902
:10013E00D9D6DD00BFCBD7CEC0D5CBD500BFCBC077
:10014E00ADC2EAD2C000C1F9B0B200C1F9C5CCCB84
:10015E00AE00C0BCD6DD00D0CBB0B200C4DABDADAF
:10016E0000C1B9C9BD00B0FCCDB700B1B1BEA90088
:10017E00B1B1BAA300CAAED1DF00C4CFBEA900C4CC
:10018E00CFB3E400C4CFC4FE00C4CFC6BD00C4CFFD
:10019E00B2FD00C4CFCDA800C4CFD1F400B2A9B631
:1001AE00FBCBFE00CFC3C3C500CBABD1BCC9BD00DA
:1001BE00CCA8D6DD00BACFB7CA00BCAAB0B200BC7C
:1001CE00AAC1D600CDC2C2B3B7AC00C2C0C1BA007C
:1001DE00CEE2D6D200D6DCBFDA00BAF4C2D7B1B4C2
:1001EE00B6FB00BAF4BACDBAC6CCD800BACDCCEFB5
:1001FE0000CFCCC4FE00CFCCD1F400B9FEC3DC00DE
:10020E00B9FEB6FBB1F500CCC6C9BD00C9CCC7F06E
:10021E0000C9CCC2E500BFA6CAB200BCCED0CB008E
:10022E00BCCED3F8B9D800CBC4C6BD00B9CCD4ADC2
:10023E0000CBFEB3C700B4F3D0CBB0B2C1EB00B469
:10024E00F3CDAC00B4F3C7EC00B4F3C0ED00B4F3DF
:10025E00C1AC00CCECCBAE00CCECBDF200CCABD440
:10026E00AD00CDFEBAA300C2A6B5D700D0A2B8D0BD
:10027E0000C4FEB5C200C4FEB2A800B0B2C7EC0006
:10028E00B0B2BFB500B0B2D1F400B0B2CBB300B6CD
:10029E00A8CEF700D2CBB1F600D2CBB2FD00D2CBB6
:1002AE00B4BA00B1A6BCA600D0FBB3C700CBDED655
:1002BE00DD00CBDEC7A800C9BDC4CF00D4C0D1F4C9
:1002CE0000B3E7D7F300B0CDD6D000B0CDD1E5C4A2
:1002DE00D7B6FB00B0CDD2F4B9F9C0E300B3A3D6C4
:1002EE00DD00B3A3B5C200C6BDC1B900C6BDB6A57B
:1002FE00C9BD00B9E3D4AA00B9E3B0B200B9E3D6E0
:10030E00DD00C7ECD1F400C0C8B7BB00D1D3B0B28A
:10031E0000D1D3B1DF00BFAAB7E200D5C5BCD2BFB2
:10032E00DA00D5C5BCD2BDE700D5C5D2B400D0EC3D
:10033E00D6DD00B5C2BAEA00B5C2D6DD00B5C2D16F
:10034E00F400D0C3D6DD00BBB3BBAF00B6F7CAA96D
:10035E0000BBDDD6DD00B3C9B6BC00D1EFD6DD00E3
:10036E00B3D0B5C200B8A7D6DD00B8A7CBB300C0D6
:10037E00ADC8F800BDD2D1F400C5CAD6A6BBA80040
:10038E00CEC4C9BD00D0C2CFE700D0C2D3E000CEEC
:10039E00DECEFD00C8D5BFA6D4F200C8D5D5D50097
:1003AE00C0A5C3F700B2FDBCAA00B2FDB6BC00D515
:1003BE00D1CDA800BDFAD6D000BDFAB3C700C6D5C0
:1003CE00B6FD00BEB0B5C2D5F200C7FABEB800CBBE
:1003DE00B7D6DD00B3AFD1F400B1BECFAA00C0B422
:1003EE00B1F600BABCD6DD00CBC9D4AD00C1D6D6AD
:1003FE00A500B9FBC2E500D4E6D7AF00C1F8D6DD43
:10040E0000D6EAD6DE00B9F0C1D600C3B7D6DD00FD
:10041E00CEE0D6DD00B3FED0DB00D3DCC1D600CEFD
:10042E00E4CDFE00CEE4BABA00B1CFBDDA00D3C03F
:10043E00D6DD00BABAD6D000C9C7CDB700C9C7CE6F
:10044E00B200BDADC3C500B3D8D6DD00C9F2D1F43C
:10045E0000B2D7D6DD00BAD3C4CF00BAD3B3D8001A
:10046E00BAD3D4B400C8AAD6DD00CCA9B0B200CCA1
:10047E00A9D6DD00E3F2D6DD00C2E5D1F400BCC39F
:10048E00C4CF00BCC3C4FE00BAA3B6AB00BAA3B1BE
:10049E00B100BAA3C4CF00BAA3BFDA00BAA3CEF795
:1004AE0000D7CDB2A900BBB4B1B100BBB4C4CF006C
:1004BE00BBB4B0B200C9EEDBDA00C7E5D4B600CEED
:1004CE00C2D6DD00CEBCC4CF00BAFEB1B100BAFEBA
:1004DE00D6DD00CFE6CCB600CFE6CEF700D5BFBD59
:1004EE00AD00B3FCD6DD00B1F5D6DD00E4F0BAD335
:1004FE0000D5C4D6DD00CEABB7BB00B3B1D6DD00A0
:10050E00E5A7D1F400D1CCCCA800BDB9D7F700C473
:10051E00B5B5A4BDAD00D3F1C1D600D3F1CAF70075
:10052E00D3F1CFAA00D6E9BAA300B8CAC4CF00B897
:10053E00CAD7CE00B0D7B3C700B0D7C9BD00B0D7A9
:10054E00D2F800B0D9C9AB00D2E6D1F400D1CEB307
:10055E00C700C5CCBDF500C3BCC9BD00CAAFD7EC42
:10056E00C9BD00CAAFBCD2D7AF00B8A3D6DD00C795
:10057E00D8BBCAB5BA00BAECBAD300C9DCD0CB002E
:10058E00CBE7BBAF00C3E0D1F400C1C4B3C700D505
:10059E00D8C7EC00D7D4B9B100D6DBC9BD00CEDFC9
:1005AE00BAFE00CBD5D6DD00C3AFC3FB00BEA3D6CB
:1005BE00DD00BEA3C3C500C6CECCEF00BACAD4F3CD
:1005CE0000C6BCCFE700D3AABFDA00BAF9C2ABB5FA
:1005DE00BA00B0F6B2BA00BAE2CBAE00BAE2D1F4CB
:1005EE0000E1E9D6DD00CFE5D1F400CEF7CBABB01C
:1005FE00E600CEF7C4FE00CEF7B0B200D0EDB2FDED
:10060E0000B9F3B8DB00B9F3D1F400BAD8D6DD00E7
:10061E00D7CAD1F400B8D3D6DD00B3E0B7E500C138
:10062E00C9D4B400C1C9D1F400B4EFD6DD00D4CB27
:10063E00B3C700C1ACD4C6B8DB00B5CFC7EC00CD94
:10064E00A8BBAF00CDA8C1C900CBECC4FE00D7F14A
:10065E00D2E500D0CFCCA800C4C7C7FA00BAAAB55D
:10066E00A600C9DBD1F400D6A3D6DD00B3BBD6DD20
:10067E0000B6F5B6FBB6E0CBB900B6F5D6DD00BEDA
:10068E00C6C8AA00D6D8C7EC00BDF0BBAA00BDF004
:10069E00B2FD00C7D5D6DD00CCFAC1EB00CDADC89A
:1006AE00CA00CDADB4A800CDADC1EA00D2F8B4A851
:1006BE0000CEFDC1D6B9F9C0D500BDF5D6DD00D549
:1006CE00F2BDAD00B3A4B4BA00B3A4C9B300B3A4D1
:1006DE00D6CE00B8B7D0C200B8B7D1F400B7C0B309
:1006EE00C7B8DB00D1F4BDAD00D1F4C8AA00B0A2EA
:1006FE00BFCBCBD500B0A2C0D5CCA900B0A2B0D391
:10070E0000B0A2C0ADC9C600B0A2C0EF00C2A4C462
:10071E00CF00CBE6D6DD00D1C5B0B200C7E0B5BA8A
:10072E0000B0B0C9BD00C9D8B9D800C2EDB0B0C9CB
:10073E00BD00D7A4C2EDB5EA00BCA6CEF700BAD76D
:10074E00B1DA00BAD7B8DA00D3A5CCB600BBC6B8BA
:10075E00D400BBC6C4CF00BBC6C9BD00BBC6CAAFA2
:10076E0000BADABAD300C7ADB6ABC4CF00C7ADC4BA
:10077E00CF00C7ADCEF7C4CF00C6EBC6EBB9FEB601
:10078E00FB00C1FAD1D200202D003120CAB1BCE449
:10079E00003220475053B6A8CEBB003320B5E7B386
:1007AE00D8B5E7D1B9003420CEC2CAAAB6C8003532
:1007BE0020BAA3B0CE003620B9E2D5D5003720B48A
:1007CE00C5B3A1003820434F32003920B7DBB3BE8A
:1007DE0000313020D4EBC9F900313120B7E7CBD945
:1007EE00B7E7CFF200313220CFB5CDB3D7D4BCECC2
:1007FE00003F00D6DCC8D500D6DCD2BB00D6DCB6B6
:10080E00FE00D6DCC8FD00D6DCCBC400D6DCCEE5BF
:10081E0000D6DCC1F9003F3F00B1B100B6ABB1B1BB
:10082E0000B6AB00B6ABC4CF00C4CF00CEF7C4CF7A
:10083E0000CEF700CEF7B1B1003A002D2D3A2D2D96
:10084E003A2D2D003230002D002000CAB1BCE4CE6E
:10085E00B4D0A3D7BC00475053B6A8CEBB2000BF20
:10086E00C500475053CBD1D0C7200054002D2D00CA
:10087E002048002520002D2D2D2D006D0055502FC8
:10088E00444ED1A120B3A4B0B45550BDF8003E00E3
:10089E002D2D2D2073656C6674657374202D2D2D92
:1008AE000D0A0049324320666F756E6420000D0AF2
:1008BE0000414443207370726561643D0054465F8D
:1008CE0043443D005350492032303030423D006D9C
:1008DE00730D0A00544620005041535300464149BF
:1008EE004C00564C3D3120CAB1BCE4D3D0D0A70049
:1008FE00564C3D3020CAB1BCE4CEDED0A7005043EA
:10090E00463835363320B6C1B2BBB5BD00CEB300C6
:10091E0053004E002E00BEAD0057004500CEDE2027
:10092E0047505320D0C5BAC500D0C7002F00CCEC1D
:10093E00CFDF00D5FDB3A300BFAAC2B700B6CCC2AD
:10094E00B700B5E7D1B92000205600B5E7C1BF20EA
:10095E000020250041444320D5FDB3A3004144436C
:10096E0020B3ACCAB100CEC2B6C82000204300CA24
:10097E00AAB6C82000534854343520D5FDB3A30081
:10098E00534854343520B6C1B2BBB5BD00434F32C7
:10099E0020002070706D00BAA3B0CE2000206D0034
:1009AE00C6F8D1B920002068506100424D5035384C
:1009BE003120D5FDB3A300424D5035383120B6C19C
:1009CE00B2BBB5BD00414C5320D6B5200056454DA7
:1009DE004C3737303020D5FDB3A30056454D4C373C
:1009EE0037303020B6C1B2BBB5BD00B9E2C7BF20AB
:1009FE002D2D00B9E2C7BF20BADCB0B500B9E2C7F1
:100A0E00BF20C6ABB0B500B9E2C7BF20CACAD6D0A8
:100A1E0000B9E2C7BF20C3F7C1C100B9E2C7BF200A
:100A2E00B4CCD1DB005820005920005A2000B7BDAD
:100A3E00CEBB00B6C800504D312E302000504D3286
:100A4E002E352000504D3130202000D4EBC9F92036
:100A5E000020644200D4EBC9F920B6C1B2BBB5BDCB
:100A6E0000D4EBC9F920D5FDB3A300BBB7BEB320AC
:100A7E00B0B2BEB200BBB7BEB320BDCFBEB200BBDC
:100A8E00B7BEB320CACAD6D000BBB7BEB320E0D023
:100A9E00D4D300BBB7BEB320BADCB3B300B7E7CB39
:100AAE00D92000206D2F7300B7E7BCB6200020BC04
:100ABE00B600B7E7CFF2200020B6C800544620D7C4
:100ACE00D4BCEC205041535300544620D7D4BCEC38
:100ADE00204641494C00493243200020B8F6B4D399
:100AEE00BBFA0041444320CAFDBEDDC6ABD2C600F0
:100AFE00CEB4CAB5CFD600CBA2D0C2D6D02E2E2E13
:100B0E00000A16269E008E11E2332D008F07222A30
:100B1E00C800960A432DF5009B0BD82BDA00A00DCA
:100B2E00962B7100A50C342F7400AC0B1E2E1300E7
:100B3E00B108FF2C7000B60EA02E5C00BB0EA729CC
:100B4E001800C008CC2C4C00C50DE9285500CA0E63
:100B5E00192B9100CF0DB72E3C00D40955271A0042
:100B6E00D90FA1309400DE0B1F2ED900E30A7E2789
:100B7E002700E810042C3200ED0F7E29B800F61184
:100B8E001F223A00FB0B8C288901040B9B2D51016F
:100B9E000908F42BC5010E0D392D3A011312A53299
:100BAE0055011811281FC5011D08FF2C31012212F5
:100BBE004932E901270F302D1B012E09D226BE0125
:100BCE00330C8F2C92013807AC2AA5013D0F841DE2
:100BDE00C1014211CF212A014B0C662D8501540A09
:100BEE006428F401590E172890016012012FAC01F0
:100BFE00650B8F290A016A0AE527F3016F0FE22AB6
:100C0E00E901740F972D79017908652AA1017E0CEF
:100C1E00C02B4801830C862E6801880C0C297401A8
:100C2E008D08EA2A5501920A692E2A01970B352D55
:100C3E0042019C0C7F2F3A01A10CE42BF501A61169
:100C4E008B200F01AB09912E2201B21239333D01D7
:100C5E00B70B322F6F01BE0C6F2DCB01C30A982C30
:100C6E00EC01C81120317001CD10C822D801D20E6E
:100C7E00A82B6B01D90ED8297D01DE0D232CCE01B8
:100C8E00E3133A2EC901E80FF52BA801F10E801FD0
:100C9E003901FA0BA92CA901FF0D6A2A780204105A
:100CAE00BB2488020911E5316E020E0F7C2E2B0239
:100CBE00150D722D2E021A0D3C2AF0021F0F6C1DFF
:100CCE00B002240C032F2C02290F8A2666022E1046
:100CDE00DD309402350E122981023A1243206B0246
:100CEE003F13B2307F02440FA82C43024D12333013
:100CFE00DF02520A00272802570F342F82025C0DA2
:100D0E0083294D02610F452DC902660ECC2BF802C8
:100D1E006B0EA82FB502700AD22BC002750C152CC3
:100D2E0080027A0A6B2EB3027F0BAB2F8302840BE9
:100D3E00ED2DBA02890CC52A98028E0E1B2CB0021C
:100D4E00930A42296302980DE728DF029D0B3C2887
:100D5E00E102A20BFE2B7902A70ADE2CB202AC0D29
:100D6E006D29E402B10C172E6502B60D252DB102C8
:100D7E00BB0D452E3402C00B6C23DA02C50B782C4A
:100D8E003202CA08BE29F102CF0C7329B302D40F66
:100D9E00EB29F302D9105121A702E20C6E2EDE02CE
:100DAE00EB0B582BA302F00DE329AB02F50D312C02
:100DBE003802FA0CAC295903010BE629A8030609DF
:100DCE000A2C3F030B0DF42A0D03100F722D950301
:100DDE00150E4B2AC6031A10C43294031F0D982CFD
:100DEE00A703240FED2CE103290B602B2903300FF1
:100DFE0035273E03370D5D2DD1033C098C26830329
:100E0E00410EA02D7503460C2928C8034B0F022C4A
:100E1E000A03500AC62AF903550BD42AC5035A09E8
:100E2E00082CB2035F0BFA28A803640CA82EA603A5
:100E3E006910002E15036E0AEB2D740373105D30CE
:100E4E006C03780B952398037D09342D7603820A63
:100E5E006327BD0387092528B6038E0DCB2C81038E
:100E6E00930ADE2CE403980C4E2F00039D0B702288
:100E7E00B903A20DD62EB103A909B7282D03AE11C1
:100E8E0032221C03B30C2B25F603B80AAE288403BA
:100E9E00BD0EB92C0C03C20DDE2C1603C708EB27B2
:100EAE007103CC0B6F2DC603D109F6288C03D80F16
:100EBE005E2BEC03DD103E2F0E03E2103530510396
:100ECE00E709482AAB03EC0BD12EF603F111A33040
:100EDE00C303F60B9524DD03FB0D78272904000DC3
:100EEE009A2DD5040509812ABF040A0ADF2C320483
:100EFE000F09DC2B0C0414097D2D5D0419092C2B14
:100F0E0079041E09C927A904230EF52ADE04280E2A
:100F1E00D12818042D0BF42CA704320AA929220477
:100F2E00370A532B9A043C0CEB29CF044109202D90
:100F3E0095044608E72D12044B08D22C2D04500BB5
:100F4E00FB2DE604551048303B045A0EF72DA50430
:100F5E005F0D952C70046409A62A39046909472C83
:100F6E00CF046E09B82E5C04730E252DBD04780CCB
:100F7E00AE2ED9047D0B48293104820D862BEE044A
:100F8E00870E522DC1048C0DD62D8B04910E432746
:100F9E00E304960E70276B049B07D32B1C04A00E44
:100FAE002D274F04A007D42B1904A50E9A260A0448
:100FBE00AA0E622E1E04AF0D442DA004B40CBF2D3C
:100FCE00B504B90D222E7E04BE08CF2C8E04C309A3
:100FDE00412C2A04C80AF02F2704CD0D7B2AC80401
:100FEE00D20BEF2CAB04D70C122EE904DC0AE02C4A
:100FFE001F04E10B102ADF04E608502B1D04EB0C36
:10100E009A2E3A04F00E9B2E1604F50D1F2C8A0410
:10101E00FA09942DF504FF0E572E8D0504093E2D69
:10102E008F05090DF92CF0050E0EA32F7105130D6A
:10103E00C22C3D0518116832A4051D08DA2B0B05CC
:10104E00240CE525E505290984280F052E08B42C66
:10105E005E05330DAB283405380BBE27D5053D1183
:10106E00D32FFD05421062316305470E4728AE05AA
:10107E004C095729A605510B282BE405560D082EB1
:10108E00F1055B10112FB005600BC0289205650F9E
:10109E003B298F056A0EDD2CB705710A302E9A0595
:1010AE00780F9A2EB9057D0921280305840BBC2FD4
:1010BE001B0589123A319A058E0C4B28E505930EC5
:1010CE003E2D4F059809012BEF059D0B7728EE0558
:1010DE00A20BB72FBD05A70C402E4405AC0C3A2F22
:1010EE001B05B108772B5505B60BDA2BD905BB0CB2
:1010FE00202BD505C009F22E7D05C50DC42D1D056D
:10110E00CA0ACB2C7A05CF0FE32FC005D40FE82FD8
:10111E003405D90CDC2DDC05E00EBF2D3005E50ABB
:10112E00822BFA05EA0B522E6F05EF0C812BCD05A3
:10113E00F40899276005F90E4E27C206000D6B2A9A
:10114E008F06050D4C2C7A060A09082AD1060F0ABD
:10115E006929A8061409892B9506190BC528DF06DF
:10116E001E0A182CE6062310822E72062810C13095
:10117E00E3062D101F302406320C3129FB06370DE5
:10118E00AF2B5D063C0D842E9306410ADF26F30637
:10119E0048104D3133064D110E2FC106520BEE295C
:1011AE004006570AD529C5065C0E7C2CEF06610C4D
:1011BE004C23F606660E4F2CBF066B0AA52B8B062C
:1011CE00700D932C6306750A122C26067A0F792A57
:1011DE00E3067F0BE02CE206880F86267A068D0B3F
:1011EE008D29A006920B8D29A006920B5C2EBD06B2
:1011FE00970F0D27EB069C08972A7206A1107F30D9
:10120E005506A60AD62AA806AB0DA22A8F06B00C42
:10121E00172E0606B50F09298006BA112A2D550676
:10122E00BF100E2F5106C80C932EA706CD111E30DF
:10123E00F506D20B072C1F06D70E242C3006DC1019
:10124E006B2F8806E10CDA2D3E06E608792A540645
:10125E00EB088A2BBF06F20ECA2C5F06F710161F7C
:10126E005B06FC12B1226F07030CDB27BB070A0FCC
:10127E002E294E070F0CB31F4B07160D0D28FD0719
:10128E001B0C622C4B07200BBA284107250E172F7B
:10129E0007072A1010300C072F09B22C6007340CE8
:1012AE00602E4B07390CE62C8B074011B2332A0700
:1012BE00470DF72CA6074C128032E607510B0B2D6B
:1012CE00BC07560BE62CE0075B0DE127DA07600B37
:1012DE009C2E3B07650BCD2CF1076A13A131D2076B
:1012EE006F0A632A2F07740A422A01077B0A8D2987
:0F12FE006C078012803068078709CC2DB60790E7
:0E66740090073EECF0A3EDF0A3EAF0A3EBF0EC
:10668200E4FCFD7B64FAF9F812162DC004A905AAF0
:1066920006AB0790073EE0FEA3E0FF7C007D64129C
:1066A200148FE4FCFDD000EB2FFFEA3EFEED39FD36
:1066B200EC38FC90074412186C900740E0FEA3E00F
:1066C200FFE4FCFD7B64FAF9F812162DC004A9055B
:1066D200AA06AB07900742E0FEA3E0FF7C007D64C0
:1066E20012148FE4FCFDD000EB2FFFEA3EFEED39E1
:1066F200FDEC38FC90074812186C74FF90075AF0B2
:10670200A3F0900754121878FFFFFFFFE490075898
:10671200F0A3F0900758E0FEA3E0FFC39455EE64A7
:106722008094814003026854900B0F75F006EF12BB
:1067320018E7EE75F006A42583F583E493FE740151
:1067420093FBAA06EA3395E0F9F8900744E0FCA32C
:10675200E0FDA3E0FEA3E0C39BFFEE9AFEED99FDF0
:10676200EC98FC90074C12186C900758E0FEA3E0DE
:10677200900B1175F0061218E7EE75F006A425834A
:10678200F583E493FE740193FBAA06EA3395E0F9DC
:10679200F8900748E0FCA3E0FDA3E0FEA3E0C39B62
:1067A200FFEE9AFEED99FDEC98FCF8A905AA06AB5E
:1067B2000712162DE47B03FAF9F812162DE47B0476
:1067C200FAF9F8120046C004C005C006C0079007D7
:1067D2004CE0FCA3E0FDA3E0FEA3E0FFA804A905B2
:1067E200AA06FB12162DD003D002D001D000EF2B47
:1067F200FFEE3AFEED39FDEC38FC90075012186CB2
:10680200900754E0FCA3E0FDA3E0FEA3E0FF9007A5
:1068120050E0F8A3E0F9A3E0FAA3E0FBC312175794
:10682200501F900750E0FCA3E0FDA3E0FEA3E0FFB1
:10683200A312186C900758E0FFA3E0A3CFF0A3EFD8
:10684200F0900759E004F07006900758E004F00257
:10685200671590075AE0FCA3E0FDC3EC64809480C6
:106862005004E4FEFF22900B1375F006ED1218E7B8
:10687200EC75F006A42583F583E493FE740193FF7F
:0168820022F3
:0E986D00900736EFF0A3EBF0A3EAF0A3E9F0CA
:10987B00900010121571FFAEF04E7018900737E084
:10988B00FBA3E0FAA3E0F990001212157145F070FA
:10989B0003029942900737E0FBA3E0FAA3E0F990AB
:1098AB000012121571FDACF0900014121571FBAA89
:1098BB00F0C002C003900737E0FBA3E0FA9000165C
:1098CB00121571FB900742E5F0F0A3EBF0D003D03B
:1098DB000212667490073AEEF0A3EFF04E605890C8
:1098EB00073AE0FEA3E0FFE4FDFC8F828E83E49356
:1098FB00601AC39480400974022FFFE43EFE80057A
:10990B000FBF00010E0DBD00010C80DED3ED9405E1
:10991B00EC940040047C007D05EDC454F0FFC3744F
:10992B00809FFE900736E0FFAD0690073AE0FAA362
:07993B00E0F97BFF12A6CB4F
:019942002202
:0BC7EE00900731EBF0A3EAF0A3E9F0A4
:0AC7F900E49004ECF09004F7F02245
:10B8B6009004F2E0FF12BD6A7BFF7A08794712B85E
:0DB8C600D39004F3E0FF12BD6A7A087947C1
:10B8D300121403FF60259004ECE0FEC39418501B80
:10B8E30074F72EF582E43404F583EFF09004ECE072
:10B8F30004F0740129F9E43AFA80D59004ECE024C9
:0BB90300F7F582E43404F583E4F02241
:10C5D9007BFF12B8D3900731E0FBA3E0FAA3E0F99F
:09C5E900900001121571FFAEF083
:06C5F200127CFC02B8D32C
:10C5F8007BFF12B8D3900731E0FBA3E0FAA3E090E9
:09C608000002F912141CFF7E006F
:06C6110012BA6402B8D366
:09C3710090000A121571FFAEF0F4
:10C37A00AD07AC06C3EC6480948050107BFF7A074B
:10C38A00799512B8D3C3E49DFDE49CFCAE04AF05D5
:03C39A0002C611C7
:10AB9C00EFB40C00400302AC2490ABACF828287343
:10ABAC0002ABD002ABD702ABDE02ABE502ABEC02E0
:10ABBC00ABF302ABFA02AC0102AC0802AC0F02AC74
:10ABCC001602AC1D7BFF7A077998227BFF7A0779F6
:10ABDC009F227BFF7A0779A9227BFF7A0779B4221F
:10ABEC007BFF7A0779BD227BFF7A0779C4227BFF32
:10ABFC007A0779CB227BFF7A0779D2227BFF7A07FF
:10AC0C0079D8227BFF7A0779DF227BFF7A0779E7F5
:0FAC1C00227BFF7A0779F3227BFF7A0779FF22E9
:10A9E6007BFF7A08795212B8D39004EFE0FF12BDCC
:10A9F6006A7A08795512B8D39004F0E0FF12BD6A5E
:10AA06007A08795512B8D39004F1E0FF12BD6A7A3C
:0BAA160008795712B8D39004F5E0FF58
:10AA2100EFB40700504D90AA2EF828287302AA43CC
:10AA310002AA4A02AA5102AA5802AA5F02AA6602FF
:10AA4100AA6D7BFF7A087901227BFF7A08790622B9
:10AA51007BFF7A08790B227BFF7A087910227BFF32
:10AA61007A087915227BFF7A08791A227BFF7A0806
:0AAA7100791F227BFF7A0879242266
:10BD6A00EF75F00A842430FE9004ECE024F7F582A3
:10BD7A00E43404F583EEF09004ECE004F0EF75F09F
:10BD8A000A84E5F02430FFE024F7F582E43404F570
:10BD9A0083EFF09004ECE004F0E024F7F582E43459
:06BDAA0004F583E4F02221
:07A0C000F9121571FFAEF06B
:10A0C700AB07AA067C037DE812148F7C007D0A1279
:10A0D700148FED2430FF9004ECE024F7F582E4348C
:10A0E70004F583EFF09004ECE004F07C007D64AFAE
:10A0F70003AE0212148F7C007D0A12148FED2430F8
:10A10700FFE024F7F582E43404F583EFF09004ECE4
:10A11700E004F07C007D0AAF03AE0212148F7C00CE
:10A127007D0A12148FED2430FFE024F7F582E43422
:10A1370004F583EFF09004ECE004F0AE02AF037C8B
:10A14700007D0A12148FED2430FFE024F7F582E436
:10A157003404F583EFF09004ECE004F0E024F7F525
:09A1670082E43404F583E4F022E3
:106E3900900738ECF0A3EDF0900736EEF0A3EFF0F1
:106E49004E700BA3E07002A3E07003FEFF229007CF
:106E590036E0FEA3E0FFC3EE648094805009C3E4EA
:106E69009FFFE49EFE8008900736E0FEA3E0FF90B6
:106E7900073AEEF0A3EFF0900738E0FEA3E0FFC376
:106E8900EE648094805009C3E49FFFE49EFE80086D
:106E9900900738E0FEA3E0FF90073CEEF0A3EFF087
:106EA900C390073BE09FEE6480F890073AE0648066
:106EB900985003026F5A90073CE0FEA3E0FFEE33BF
:106EC90095E0FDFCE47B2DFAF9F812162DC006C0F9
:106ED9000790073AE0FEA3E0FBAA06EA3395E0F93A
:106EE900F8D007D00612004690073EEEF0A3EFF067
:106EF900C3900736E0648094804029900738E064A5
:106F0900809480400B90073EE0FEA3E0FF026FF6FD
:106F190090073EE0FEA3E0FFC374689FFF74019EE3
:106F2900FE026FF6C3900738E064809480401190A8
:106F3900073EE0FEA3E0FF74B49FFFE49EFE800ECF
:106F490090073FE024B4FF90073EE03400FE026F53
:106F5900F690073AE0FEA3E0FFEE3395E0FDFCE48E
:106F69007B2DFAF9F812162DC006C00790073CE0F0
:106F7900FEA3E0FBAA06EA3395E0F9F8D007D006AC
:106F890012004690073EEEF0A3EFF0C3900738E0F9
:106F990064809480402B900736E06480948040118F
:106FA90090073EE0FEA3E0FF745A9FFFE49EFE8037
:106FB9000E90073FE0245AFF90073EE03400FE8020
:106FC9002CC3900736E064809480401090073FE01E
:106FD900240EFF90073EE03401FE801190073EE049
:106FE900FEA3E0FFC3740E9FFF74019EFE9007404D
:106FF900EEF0A3EFF0900740E0FEA3E0FF7C017DF7
:087009006812148FAE04AF05FC
:01701100225C
:10B17900C3EF9417EE94004008EF9452EE94014007
:10B18900077BFF7A08792722C3EF9444EE94005095
:10B19900077BFF7A08792A22C3EF9471EE94005055
:10B1A900077BFF7A08792F22C3EF949EEE94005013
:10B1B900077BFF7A08793222C3EF94CBEE940050D3
:10B1C900077BFF7A08793722C3EF94F8EE94005091
:10B1D900077BFF7A08793A22C3EF9425EE94017B25
:0DB1E900FF50057A08793F227A087942224A
:1075600012CA6012C7F9900716E060139004F6E0A3
:10757000600D12B8B69004F4E0FF12BD6A80097B7A
:10758000FF7A08794912B8D37B017A0479F7E4FFCE
:0375900012A21E26
:1075930012CA10900731EBF0A3EAF0A3E9F09000D0
:1075A3000312141CFBC003900731E0FBA3E0FAA312
:1075B300E0F990000212141CC3940A500A900724A5
:1075C300E060047F0180027F00900737EFF0D00373
:0775D3007D58E4FF12B85CD3
:1075DA0012C7F9900716E0600B9004F6E0600512F6
:1075EA00A9E680067BFF7A08795912B8D37B017A1B
:0875FA000479F77F0212A21EC2
:1076020012CA0990073112C7F1900731E0FBA3E0DB
:10761200FAA3E0F91214037BFF60177A0879641267
:10762200B8D3900731E0FBA3E0FAA3E0F9900001A0
:1076320080157A08797012B8D3900731E0FBA3E085
:10764200FAA3E0F990000212C60B7BFF7A08796D6B
:0E76520012B8D37B017A0479F77F0412A21ECE
:1076600012CA1790073112C7F17BFF7A0879791295
:10767000B8D3900731E0FBA3E0FAA3E0F9121403BA
:10768000600512C5E980097BFF7A08797B12B8D3BF
:107690007BFF7A08797E12B8D3900731E0FBA3E034
:1076A000FAA3E0F91214036015900003121571FF9C
:1076B000AEF07C007D0A12148F12C61180097BFF88
:1076C0007A08797B12B8D37BFF7A08798112B8D314
:1076D000900731E0FBA3E0FAA3E0F9900005121453
:1076E0001C600512C37180097BFF7A08798412B887
:1076F000D37BFF7A08798912B8D37B017A0479F7B2
:057700007F0602A21E3D
:10B07B0012CA607BFF7A08798BE4FF12A21EE49060
:10B08B000731F0900731E0FFC39403506290051134
:10B09B00E02F900732F0C3940C4011900731E0255C
:10B0AB00E02402FF7BFF7A00798E803812C7F9907B
:10B0BB0004EDE0FF900732E07BFFB507067A0879D5
:10B0CB009C80047A08795712B8D3900732E0FF12AC
:10B0DB00AB9C12B8D3900731E025E02402FF7B0133
:0FB0EB007A0479F712A21E900731E004F08094E6
:01B0FA002233
:107A0B007BFF7A08799E12C82C7B017A0779177D48
:107A1B000C12BBF99004EEEFF07BFF7A0879B112F0
:107A2B00C82C9004EEE0FF7E0012B59F7BFF7A0816
:107A3B0079BC12C82C9007437401F0A37407F0A310
:107A4B007438F0A37401F0A37407F0A3743AF07BBD
:107A5B00017A0779367D207F091294F8900736E07A
:107A6B00FEA3E0FFC3900739E09FFF900738E09E2D
:107A7B00FEC3EF94F4EE940150047F0180027F006B
:107A8B00900515EFF07BFF7A0879BF12C82C900791
:107A9B0036E0FEA3E0FFC3900739E09FFF90073865
:107AAB00E09EFE12B59F7BFF7A0879BC12C82C7B37
:107ABB00FF7A0879CB12C82C3084047F3180027F87
:107ACB003012C6D97BFF7A0879BC12C82C12C2803F
:107ADB0090073CEEF0A3EFF07BFF7A0879D212C847
:107AEB002C90073CE0FEA3E0FF12B59F7BFF7A08CA
:107AFB0079DD12C82C126436EF70319007F37405E0
:107B0B00F0A37416F07F007E007D007C0012A8B1FC
:107B1B00EF7010900714E0B45509A3E0B4AA047FEA
:107B2B000180027F00900726EFF08005E490072686
:107B3B00F07BFF7A0879E212C82C900726E07BFFD6
:107B4B0060067A0879E680047A0879EB12C82C7BF8
:107B5B00FF7A0879BC12C82C129A1812BFB47B3961
:107B6B007A30E4FDFF12A94F7F0712B52E12CA57C8
:0A7B7B007F507E0012C39D02CA5A1B
:101CE40012CA609004EDE0FF12AB9CE4FF12A21E46
:101CF4009004EDE0B40C0040030225F7901D07F8B2
:101D0400282873021D2B021D7D021F64022013026A
:101D140021280221B802229C022084022382022468
:101D240007022505022595900716E0604312C7F9BE
:101D340012A9E612B8D37B017A0479F77F0212A2C2
:101D44001E12C7F912B8B69004F4E0FF12BD6A7B04
:101D5400017A0479F77F0412A21E9004F6E07BFF57
:101D640060077A0879F00222997A0879FE022299AA
:091D74007BFF7A09790C0225FDC0
:101D7D0012CA09900731EBF0A3EAF0A3E9F0E4FFF2
:101D8D0012986D12C7F9900731E0FBA3E0FAA3E0BA
:101D9D00F990000E12141CFF644E600FEF64536037
:101DAD000A90001012157145F0605E7BFF7A09797B
:101DBD001B12B8D3900731E0FBA3E0FAA3E0F99032
:101DCD00000E12141C7BFFB453067A09791E800491
:101DDD007A09792012B8D3900731E0FBA3E0FAA37A
:101DED00E0F9900010121571FFAEF012C6117BFFD5
:101DFD007A09792212B8D3900731E0FBA3E0FAA358
:101E0D00E090001212A0C080097BFF7A08797B1246
:101E1D00B8D37B017A0479F77F0212A21E12C7F99B
:101E2D00900731E0FBA3E0FAA3E0F990000F121444
:101E3D001CFF6445600FEF6457600A900014121583
:101E4D007145F0605E7BFF7A09792412B8D3900753
:101E5D0031E0FBA3E0FAA3E0F990000F12141C7B14
:101E6D00FFB457067A09792780047A09792912B8BF
:101E7D00D3900731E0FBA3E0FAA3E0F99000141230
:101E8D001571FFAEF012C6117BFF7A09792212B8D7
:101E9D00D3900731E0FBA3E0FAA3E090001612A067
:101EAD00C080097BFF7A08797B12B8D37B017A0455
:101EBD0079F77F0412A21E12C7F9900731E0FBA338
:101ECD00E0FAA3E0F990000B12157145F070097B53
:101EDD00FF7A09792B021F5E7BFF7A09793712B8D9
:101EED00D3900731E0FBA3E0FAA3E090000112C606
:101EFD000A7A09793A12C5F87BFF7A08795712B830
:101F0D00D37A09793C12B8D3900731E0FBA3E0FAFC
:101F1D00A3E0F990000D12141CFDB401087BFF7AAB
:101F2D00097941802CEDB402087BFF7A097946804E
:101F3D0020900731E0FBA3E0FAA3E0F990000D1229
:101F4D00141C7BFFB403067A09794B80047A087957
:071F5D007B12B8D302258DB1
:101F640012CA1012C7EE7BFF7A09795012B8D390C7
:101F74000731E0FBA3E0FAA3E0F9121546FFAEF047
:101F84007C037DE812148F12C6117BFF7A09792233
:101F940012B8D3900731E0FBA3E0FAA3E0F91215DD
:101FA40046FFAEF07C037DE812148F7E007F64CF81
:101FB400CDCFCECCCE12148F12C6117BFF7A097905
:101FC4005612B8D37B017A0479F77F0212A21E124B
:101FD400C7F97A09795912C5F87BFF7A09795F1232
:101FE400B8D37B017A0479F77F0412A21E900731DB
:101FF400E0FBA3E0FAA3E0F990000412141C7BFFB9
:0F20040060067A09796280047A09796B02229961
:1020130012CA1712C7EE7A09797412C5D97BFF7AEF
:1020230009797A12B8D37B017A0479F77F0212A275
:102033001E12C7F97BFF7A09797D12B8D390073155
:10204300E0FBA3E0FAA3E0F990000312C5EC7BFFE9
:102053007A09795F12B8D37B017A0479F77F041286
:10206300A21E900731E0FBA3E0FAA3E0F9121403E8
:102073007BFF60067A09798380047A09798E0222CC
:0120830099C3
:1020840012CA1712C7EE7BFF7A09799B12B8D39054
:102094000731E0FBA3E0FAA3E0F990001612141C48
:1020A4006014900017121571FFAEF012C6117BFF79
:1020B4007A0979A080067BFF7A08797B12B8D37BF2
:1020C400017A0479F77F0212A21E12C7F97BFF7A04
:1020D40009797412B8D3900731E0FBA3E0FAA3E0C6
:1020E400F990001912C5EC7BFF7A09797A12B8D3FA
:1020F4007B017A0479F77F0412A21E12C7F97BFFD1
:102104007A09797D12B8D3900731E0FBA3E0FAA3F2
:10211400E0F990001B12C5EC7BFF7A09795F12B8D5
:04212400D302258D30
:1021280012CA1712C7EE7BFF7A0979A512B8D390A5
:102138000731E0FBA3E0FAA3E0F912C3717BFF7A51
:102148000979AB12B8D37B017A0479F77F0212A21E
:102158001E12C7F97BFF7A0979AE12B8D3900731FE
:10216800E0FBA3E0FAA3E0F99000061217AEE47BC7
:102178000AFAF9F81216B812C5F27BFF7A0979B48F
:1021880012B8D37B017A0479F77F0412A21E900754
:1021980031E0FBA3E0FAA3E0F990000512141C7BE0
:1021A800FF60067A0979B980047A0979C50222990B
:1021B80012CA17900731EBF0A3EAF0A3E9F09000F8
:1021C8000D121571FF900734E5F0F0A3EFF012C778
:1021D800F97BFF7A0979D312B8D3900734E0FEA3CC
:1021E800E0FF12C6117B017A0479F77F0212A21E62
:1021F800900731E0FBA3E0FAA3E0F990000C121479
:102208001C7BFF60067A0979DB80047A0979E97F0B
:102218000412A21E900731E0FBA3E0FAA3E0F990B4
:10222800000C12141C70087BFF7A0979F98062C3CC
:10223800900735E09414900734E0940050087BFF31
:102248007A0A7901804BC3900735E094C890073427
:10225800E0940050097BFF7A0A790B022502C390AB
:102268000735E094A0900734E0940F50097BFF7A7B
:102278000A7915022502C3900735E09420900734A7
:10228800E0944E7BFF50067A0A791F80047A0A7917
:0422980029022502F0
:10229C0012CA1712C7EE7BFF7A0A793312B8D390A1
:1022AC000731E0FBA3E0FAA3E0F990001012C5ECB3
:1022BC007B017A0479F77F0212A21E12C7F97BFF09
:1022CC007A0A793612B8D3900731E0FBA3E0FAA36F
:1022DC00E0F990001212C5EC7B017A0479F77F04C7
:1022EC0012A21E12C7F97BFF7A0A793912B8D39061
:1022FC000731E0FBA3E0FAA3E0F990001412C5EC5F
:10230C007B017A0479F77F0612A21E900731E0FB5D
:10231C00A3E0FAA3E0F9900010121571FFAEF09053
:10232C000012121571FDACF0126E39900734EEF0FC
:10233C00A3EFF07BFF7A0A793C7D487F0212A6CB93
:10234C00900734E0FEA3E0FF12B1797D487F0412C0
:10235C00A6CB12C7F9900734E0FEA3E0FF12C6111A
:10236C007BFF7A0A794112B8D37B017A0479F77D25
:06237C00487F0602A6CB1B
:1023820012CA1E12C7EE7BFF7A0A794412B8D390A2
:102392000731E0FBA3E0FAA3E0F990000112157106
:1023A200FFAEF012C6117B017A0479F77F0212A206
:1023B2001E12C7F97BFF7A0A794B12B8D390073104
:1023C200E0FBA3E0FAA3E0F9900003121571FFAE5F
:1023D200F012C6117B017A0479F77F0412A21E1251
:1023E200C7F97BFF7A0A795212B8D3900731E0FB22
:1023F200A3E0FAA3E0F9900005121571FFAEF01206
:05240200C61102258D4A
:1024070012CA2C12C7EE7BFF7A0A795912B8D390F9
:102417000731E0FBA3E0FAA3E0F9121403600B1203
:10242700C5E97BFF7A0A795F80067BFF7A08797BAB
:1024370012B8D37B017A0479F77F0212A21E9007A4
:1024470031E0FBA3E0FAA3E0F912140370147BFF59
:102457007A0A79637F0412A21E7BFF7A00798E02C3
:1024670025027BFF7A0A796F7F0412A21E9007313B
:10247700E0FBA3E0FAA3E0F9900001121571C39401
:10248700A0E5F0940F50087BFF7A0A7979806C9069
:102497000731E0FBA3E0FAA3E0F990000112157100
:1024A700C39488E5F0941350097BFF7A0A79830275
:1024B70025F3900731E0FBA3E0FAA3E0F9900001D0
:1024C700121571C39470E5F0941750097BFF7A0ACF
:1024D700798D0225F3900731E0FBA3E0FAA3E0F939
:1024E700900001121571C39458E5F0941B7BFF50BF
:0E24F700067A0A799780047A0A79A10225F301
:1025050012CA2512C7EE7A0A79AB12C5D97BFF7AB2
:102515000A79B112B8D37B017A0479F77F0212A246
:102525001E12C7F97BFF7A0A79B612B8D390073124
:10253500E0FBA3E0FAA3E0F990000312C60B7BFFD2
:102545007A0A79BC12B8D37B017A0479F77F041231
:10255500A21E12C7F97BFF7A0A79C012B8D3900779
:1025650031E0FBA3E0FAA3E0F990000412141C602B
:102575000E90000512C5EC7BFF7A0A79C680067BB2
:10258500FF7A08797B12B8D37B017A0479F7805EEC
:10259500900514E0700504F0127A0B900726E07B95
:1025A500FF60067A0A79CA80047A0A79D77F02120F
:1025B500A21E12C7F97BFF7A0A79E412B8D39004F8
:1025C500EEE0FF7E0012C6117BFF7A0A79E912B8A8
:1025D500D37B017A0479F77F0412A21E900515E0DA
:1025E5007BFF60067A09796280047A0A79F17F06B1
:0E25F50080087BFF7A0A79FE7F0212A21E2266
:10C75300900725E07003027560900725E0B401039C
:07C7630002B07B121CE4226E
:108A6500EF24FE603D146070147003028B3D14709A
:108A750003028B08147003028B5024056003028BDC
:108A850065900725E0FF700504F0028B33EFB40114
:108A950008E4900725F0028B339007257401F00256
:108AA5008B33900725E06003028B657F32FE129BB6
:108AB500BA7BFF7A0B79057F0612A21E7B017A0429
:108AC50079EF128F559007167401F0128E5B12B86C
:108AD500029007237401F022900725E064016003EA
:108AE500028B659004EDE0D394004015E014F090FE
:108AF5000511E0FF9004EDE0FE9F5005900511EE95
:108B0500F0802B900725E0640170559004EDE0C3DB
:108B1500940B501AE004F0900511E02403FF900433
:108B2500EDE0FEC39F4007EE24FE900511F090078F
:108B3500237401F07F148023900725E0B40121748C
:108B450002F090072314F07F328010900725E0B4DF
:108B5500020E7401F0900723F07F327E00129BBA5B
:018B650022ED
:10B9BD00E4900725F09004EDF0900511F090072329
:10B9CD0004F0E4900716F0900724F09004EAF0A339
:10B9DD00F0900512F0A3F012C8C012B7A312C8D18F
:10B9ED0012B1F612C34312C8E212C7C312C96A12CA
:10B9FD009AEA128E5B7B017A0479EF128F559007CC
:04BA0D0016EFF0221E
:0F68830012B802128B6612862112A810125ED66E
:1068920012C9A990072AEFF06023E0FFC3943140A8
:1068A20010EFD39439500AC3EF9430FF12B2EA804A
:0D68B200DF90072AE0B430D8129F5B80D33E
:1068BF0012C065128C64EF60147B017A0479EF12B9
:1068CF008F55900716EFF09007237401F012C472E2
:1068DF00900727EFF06007E0FF128A6580EF900BBB
:1068EF0018E0FFA3E0900728CFF0A3EFF09004EAA1
:1068FF00E0FEA3E0FF900728E0FCA3E0FDC39FFFAD
:10690F00EC9EFEC3EF94E8EE940340479004EAEC4C
:10691F00F0A3EDF07B017A0479EF128F55900716F3
:10692F00EFF0900725E0FF6003B402069007237491
:10693F0001F0EF701E900728E0FEA3E0FF7C017DC1
:10694F00F412148FEF30E0047F0180027F00900774
:10695F0024EFF0900512E0FEA3E0FF900728E0FC83
:10696F00A3E0FDC39FFFEC9EFEC3EF9410EE9427B0
:10697F00401B900512ECF0A3EDF0128E5B900725F3
:0D698F00E0FF6003B402069007237401F0DE
:10699C0012CA0990072AEBF0A3EAF0A3E9F09007DA
:1069AC0028E0FEA3E0FF7C017DF412148FEF54016C
:1069BC0090072FF090072AE0FBA3E0FAA3E0F990F0
:1069CC00000212141CFF90000112141C2FFEE43361
:1069DC0090072DF0A3CEF090000D12141CFF640252
:1069EC006004EFB403047F0180027F00900730EF56
:1069FC00F060047F02804D90072AE0FBA3E0FAA32D
:106A0C00E0F990000B12157145F0600A90072DE02B
:106A1C007002A3E0700E90072FE060047F028002EA
:106A2C007F00802090072AE0FBA3E0FAA3E0F91294
:106A3C001403700E90072FE060047F0180027F002A
:106A4C0080027F0112C6A512CA33EF600E90072F89
:106A5C00E060047F0180067F0080027F0212C68BFB
:0B6A6C00900723E06005E4F012C75320
:016A770022FC
:0DC978004391405392BF43918053927F2220
:10C68B00EF70074391405392BF225391BF439240A7
:0AC69B00EFB40103C29622D29622EA
:10C6A500EF700743918053927F2253917F4392808D
:0AC6B500EFB40103C29722D29722CE
:05AC2B00420B180000BF
:10C78100438E805389F0438901758CA2758A40D20A
:06C79100A9D28CD2AF22F8
:03000B0002C576B5
:10C57600C0E0C083C082758CA2758A40900B19E01A
:10C5860004F07006900B18E004F0D082D083D0E05F
:01C596003272
:10C39D00900B18E0FDA3E09007BECDF0A3EDF0905B
:10C3AD0007BEE0FCA3E0FDC3900B19E09DFD900BD3
:0BC3BD0018E09CFCC3ED9FEC9E40E4E8
:01C3C8002252
:09C9D30053B1EF43B21002CA5A3D
:03CA5700D2B42234
:03CA5A00C2B42241
:109BBA007C0A7D8C1219EBE47BE87A03F9F8121619
:109BCA00B890073112186C900739E4F0A374B1F019
:109BDA007007900739F0A304F0900739E0FEA3E07C
:109BEA00FFC374789F90073CF074039E90073BF084
:109BFA0090073512187800000000900731E0FCA3A6
:109C0A00E0FDA3E0FEA3E0FFA3E0F8A3E0F9A3E0F0
:109C1A00FAA3E0FBC31217575055D2B4E4FFFED3A0
:109C2A0090073AE09F900739E09E4008000FBF0076
:109C3A00010E80EBC2B4E4FEFFD390073CE09F9094
:109C4A00073BE09E4008000FBF00010E80EB900723
:109C5A0035E0FCA3E0FDA3E0FEA3E02401FFE43E1F
:0F9C6A00FEE43DFDE43CFC90073512186C808B46
:019C790022C8
:10C8AF0030313233343536373839414243444546D7
:01C8BF000078
:10C41F00438780538EFE438E4075985053890F4348
:10C42F008920758DF3858D8BD28E53A23F43B10139
:0AC43F0053B2FE53B1FD43B20222D6
:10C6D9008F99E4FFFE20990E0FBF00010ED3EF944E
:08C6E900D0EE940740EFC29966
:01C6F1002226
:10C82C00121403FF600C12C6D9740129F9E43AFA08
:03C83C0080EE2269
:04B59F00AB07AA0646
:10B5A300EB4A70057F3002C6D9E4900744F0D3EB31
:10B5B3009400EA940040357C007D0AAF03AE02128A
:10B5C300148FED2430FF900744E0243EF582E434E9
:10B5D30007F583EFF0900744E004F07C007D0AAFA9
:10B5E30003AE0212148FAA06AB0780C2900744E091
:10B5F300D394004014E014F0E0243EF582E43407D1
:09B60300F583E0FF12C6D980E3D3
:01B60C00221B
:10C50A00AD07EDC4540F7E00540F24AFF582EE340C
:10C51A00C8F583E493FF12C6D9ED540F90C8AF93C0
:04C52A00FF02C6D96D
:0AC9BF007F0D12C6D97F0A02C6D907
:0AC9A900309805C298AF99227F0074
:01C9B3002261
:06BC450090072712186CA5
:10BC4B00E47F04FEFDFC900727E0F8A3E0F9A3E0F6
:10BC5B00FAA3E0FB12162DA804A905AA06AB077FD1
:10BC6B00007E367D6E7C011216B8C3E49FFFE49E06
:10BC7B00538EEF538EF7438E04F5D68FD753AFFB0E
:03BC8B00438E10D5
:01BC8E002293
:10C6170053BAFE759A107F807E257D007C0012BC80
:0EC62700454391015392FE5391FD439202222E
:0DC93200E59A30E006539AFEAF9B227F008D
:01C93F0022D5
:10C5970053BAFD7CFD75AC50ECF5D475D58F53D1EE
:10C5A700F043D10A43C90153CAFE53C9FD43CA0226
:01C5B7002261
:0DC94000E5AC30E00653ACFEAFAD227F0049
:01C94D0022C7
:06BF790090072712186C6E
:10BF7F00E47F04FEFDFC900727E0F8A3E0F9A3E0BF
:10BF8F00FAA3E0FB12162DA804A905AA06AB077F9A
:10BF9F00007E367D6E7C011216B8C3E49FFFE49ECF
:04BFAF00F5D28FD365
:01BFB300226B
:10C5B80053BAFB7CFD758450ECF5D275D38F53D1FB
:10C5C8000F43D1A04393045394FB5393F743940828
:01C5D8002240
:10C653008F85E4FFFEE58420E10E0FBF00010ED3BA
:0BC66300EF94D0EE940740ED5384FDEF
:01C66E0022A9
:0DC94E00E58430E0065384FEAF85227F00B3
:01C95B0022B9
:09C9DC005395BF439640C2A62208
:10C83F004393025394FD75DE0F75BC807F027E001B
:03C84F0002C39D84
:10C09F00EF540F44C0F5BCE4FFFEE5BC20E5130FE1
:10C0AF00BF00010ED3EF9488EE941340ED7EFF7F17
:10C0BF00FF2253BCDFAFBDEF75F010A4FFAEF0E56C
:08C0CF00BEC4540FFDEF4DFF4C
:01C0D7002246
:08AF6E00900735EFF0A3EDF0B0
:10AF7600A312187800000000E490073DF090073611
:10AF8600E0FF90073DE0C39F504C900735E0FF126D
:10AF9600C09F90073BEEF0A3EFF0BEFF08BFFF0592
:10AFA6007EFF7FFF22900737E0F8A3E0F9A3E0FADF
:10AFB600A3E0FBA3E0FEA3E0FFE4FCFDEB2FFFEA2A
:10AFC6003EFEED39FDEC38FC90073712186C900701
:10AFD6003DE004F080A7900736E0FBE4FAF9F8A319
:0EAFE600E0FCA3E0FDA3E0FEA3E0FF1216B81E
:01AFF400223A
:1094F80090073EEFF0A3EDF0A3EBF0A3EAF0A3E9A9
:01950800F072
:109509009007491218780000000074FFF5F0121551
:10951900E1900743E0FBA3E0FAA3E0F9E4F5F012D8
:1095290015E1E490074DF090073FE0FF90074DE00B
:10953900C39F507690073EE0FF12C09FEFF4700280
:10954900EEF4605D900740E0FBA3E0FAA3E0F912B6
:109559001546FDC3EF9DEE95F05006EE8FF01215FE
:10956900E1900743E0FBA3E0FAA3E0F9121546FDF9
:10957900D3EF9DEE95F04006EE8FF01215E19007BE
:1095890049E0F8A3E0F9A3E0FAA3E0FBE4FCFDEB72
:109599002FFFEA3EFEED39FDEC38FC900749121821
:1095A9006C90074DE004F002953090073FE0FBE432
:1095B900FAF9F8900749E0FCA3E0FDA3E0FEA3E077
:1095C900FF1216B8900746E0FBA3E0FAA3E0F9EE14
:0595D9008FF00215E116
:10C8F3007C3B7D921219EBE4FB7A10F9F80216B82F
:08C9E500E4FF000FEFB41EFA9D
:01C9ED002227
:05CA3900D2A502C9E5D1
:05CA3E00C2A502C9E5DC
:05CA4300D2A402C9E5C8
:05CA4800C2A402C9E5D3
:0BC9B400439530439630D2A4D2A52258
:0CC9850012CA4312CA3912CA4802CA3E44
:07C85200AF0312BF49AE075E
:0CC8590012CA4812CA3912CA4302C9E5CB
:0DBF3C00AE07AC0512C985AF06EF25E0FF8A
:02BF4900AE0741
:10BF4B00E4FDEE30E70512CA43800312CA4812CA59
:10BF5B003912CA3EEE25E0FE0DEDB408E512CA43D8
:0DBF6B0012CA39A2A4E433FE12CA3EAF068A
:01BF780022A6
:02C14600AE0742
:10C14800E4FD12CA43E4FCED25E0FD12CA3930A42F
:10C1580004ED4401FD12CA3E0CECB408EAEE600599
:10C1680012CA43800312CA4812CA3912CA3E12CAF6
:03C1780043AF05CD
:01C17B0022A1
:02C86500AE071C
:10C8670012BF40AE0712C859EE70037F01227F0046
:01C87700229E
:0EBBF90090073EEBF0A3EAF0A3E9F0A3EDF015
:10BC0700E4A3F07C08AF0412C865EF6026900741F3
:10BC1700E0FFA3E0FEC39F501A90073EE0FBA3E0BE
:10BC2700FAA3E0F98E82758300EC12145B90074249
:0DBC3700E004F00CECB478CD900742E0FF83
:01BC440022DD
:07BC8F0090074EEDF0AC0739
:10BC960012C985EC25E0FF12BF49EF6002801E90B5
:10BCA600074EE0FF12BF49EF6002801112C985AF4F
:10BCB60004EF25E04401FF12BF49EF600612C859A0
:10BCC6007F00227F0112C146EF12144912C8597F24
:01BCD600016C
:01BCD700224A
:10C4990012BF3CAE07EE6002800AAF0412BF49AE7C
:10C4A90007EE600612C8597F002212C852EE7003C7
:05C4B9007F01227F005D
:01C4BE00225B
:10000E0012BF3CAE07EE60028016AF0412BF49AEBF
:10001E0007EE6002800AAF0312BF49AE07EE60061C
:10002E0012C8597F0022EAFF12C854EE70047F01F5
:04003E0080027F00BD
:01004200229B
:03CA5D0002C865A7
:10B90E00900B04EBF0A3EAF0A3E9F0900B02EFF03A
:03B91E00A3EDF0A6
:10B921007B017A0B790712BC8FEF7002FF22900B1B
:10B9310002E0FFA3E004FD7B017A0B790812BC8FC2
:10B94100EF7002FF22900B08E0FE900B07E0FDED87
:10B95100FF900B04E0FBA3E0FAA3E0F9EE8FF012F5
:04B9610015E17F016C
:01B9650022BF
:10A37A00900733EFF0A3ECF0A3EDF0A3EBF0A3EA20
:04A38A00F0A3E9F063
:10A38E0012C985900733E025E0FF12BF49EF600246
:10A39E00803A900734E0FCA3E0FDD394FFEC9400E8
:10A3AE00400AECFF12BF49EF60028020900734A3F1
:10A3BE00E0FF12BF49EF6002801212C98590073389
:10A3CE00E025E04401FF12BF49EF600612C8597F35
:10A3DE000022E490073AF0900739E0FFA3E0FEC3B5
:10A3EE009F5030C3EF9401B506047F0180027F00B9
:10A3FE0012C146900736E0FBA3E0FAA3E0F99007FE
:10A40E003AE0F582758300EF12145B90073AE00490
:08A41E00F080C412C8597F014F
:01A426002213
:06C1B200AB05AA04AE0774
:10C1B80012BF40AE07EE60028013D3EB94FFEA94FF
:10C1C800004010EAFF12BF49AE07EE600612C859D8
:0EC1D8007F002212C852EE70037F01227F000A
:01C1E6002236
:0DB60D00900738EBF0A3EAF0A3E9F0AE07D8
:10B61A0012C985AF06EF25E04401FF12BF49EF606A
:10B62A000612C8597F0022E490073CF090073BE0DD
:10B63A00FFA3E0FEC39F5030C3EF9401B506047F19
:10B64A000180027F0012C146900738E0FBA3E0FAAE
:10B65A00A3E0F990073CE0F582758300EF12145BD2
:0DB66A0090073CE004F080C412C8597F0135
:01B6770022B0
:10BCD8005391F74392085391DF43922043911053B5
:10BCE80092EF53B3FE43B40153C9FB43CA045393C1
:10BCF800DF4394205393BF43944053C9F743CA0882
:10BD0800D2C0D2CAD285D2CBC2865393EF5394EF16
:09BD180053A2F3E4FDFF02C797FA
:10C79700ED540344D0FEEFB40104EE440CFEAF06A3
:05C7A7008FCE75CDC02E
:01C7AC00226A
:0EC24E007FFF12C25C7FFF12C25CD2CA7FFF6C
:10C25C0075CDC08FCFE4FFFEE5CD20E7110FBF00F9
:10C26C00010ED3EF9488EE941340ED7FFF2275CD31
:03C27C00C0AFCF81
:01C27F00229C
:02C88B00AD07F7
:0FC88D00E4FCECC39D50087FFF12C25C0C80F3EB
:01C89C002279
:10C28000D2CA900B18E0FEA3E0FDAC06E4FBFA7FF7
:10C29000FF12C25C0BBB00010ABA07F3BBD0F0AEC1
:10C2A00004AF05C3900B19E09DFF900B18E09CFEB6
:01C2B000226B
:10C818007D01E4FF12C7974391105392EFD2CAD219
:04C8280085D2CB22C8
:10C70B00AC05AB0712C818C2C0EB547FFF12C25C5A
:08C71B00AF0412C25CD2C0227F
:0DBDB000900745EBF0A3EAF0A3E9F0AC0723
:10BDBD0012C818C2C0EC547F4480FF12C25CE4FD6F
:10BDCD00900748E0FFEDC39F501CE4FF12C25C904A
:10BDDD000745E0FBA3E0FAA3E0F98D82758300EF40
:08BDED0012145B0D80DAD2C0D4
:01BDF500222B
:10C803007B017A0779439007487401F012BDB09019
:04C813000743E0FFF8
:01C8170022FE
:09C9EE003084037F01227F002246
:0EB6E000900B14EBF0A3EAF0A3E9F0A3EDF059
:10B6EE00D2CA7F0A12C88BC2CA7F4012C25CE4FF64
:10B6FE0012C25CE4FF12C25CE4FF12C25CE4FF12F1
:10B70E00C25C7F9512C25CE4FD900B17E0FFEDC3A7
:10B71E009F501C7FFF12C25C900B14E0FBA3E0FA5B
:10B72E00A3E0F98D82758300EF12145B0D80DAD2DF
:06B73E00CA7FFF02C25C9D
:10AB0C00C2CAEF543F4440FF12C25C9007FFE0FC06
:10AB1C00A3E0FDA3E0FEA3E0FF781812176812C2B1
:10AB2C005C9007FFE0FCA3E0FDA3E0FEA3E0FF7850
:10AB3C001012176812C25C9007FFE0FCA3E0FDA3A3
:10AB4C00E0FEA3E0FF780812176812C25C9007FFC2
:10AB5C00A3A3A3E0FF12C25CA3E0FF12C25C7FFFC1
:10AB6C00E4FD900804E0FEEDC39E500C7FFF12C282
:10AB7C005CEF30E7030D80EA900805E0FBA3E0FAF8
:0FAB8C00A3E0F9EF12144930E7037F00227F01A5
:01AB9B002297
:10BDF600C0079007BFE0FCA3E0FDA3E0FEA3E0FFC1
:10BE06009007FF12186C9007C3E0900803F0A37424
:10BE160008F0A37401F0A37407F0A374C4F0D0076C
:10BE260012AB0CAD0712C258AF05EF70037FFF22AD
:05BE36009007C4E0FFCD
:01BE3B0022E4
:10AFF500C0079007BFE0FCA3E0FDA3E0FEA3E0FFD0
:10B005009007FF12186C9007C3E0900803F09007B3
:10B01500C4E0900804F09007C5E0F9A3E0FAA3E0C6
:10B02500900805C9F0A3EAF0A3E9F0D00712AB0C2C
:10B03500EF700612C2587F0022E49007C9F090070E
:10B04500C8E0FFA3E0C39F50277FFF12C25CE02446
:10B0550001FDE433FC9007C5E0FBA3E0FAA3E0F9AA
:10B065008D828C83EF12145B9007C9E004F080CECB
:05B0750012C2587F012A
:01B07A0022B3
:04C3C900AD07AC060A
:10C3CD00E4FBFAC3EB9DEA9C501A7FFF12C25CEFAF
:10C3DD00B4FE037F0122EFF460037F00220BBB004C
:06C3ED00010A80DF7F0061
:01C3F3002227
:0BB449009007BEEBF0A3EAF0A3E9F0CF
:10B45400C0079007FF1218780000000090080374DA
:10B4640001F0A37408F0A37401F0A37407F0A374AB
:10B47400C1F0D00712AB0CEF60129007C1E060027C
:10B48400800A7F607EEA12C3C9EF700612C2587F39
:10B494000022E4FD7FFF12C25C9007BEE0FBA3E044
:10B4A400FAA3E0F98D82758300EF12145B0DEDB4FD
:07B4B40010E212C24E7F01FD
:01B4BB00226E
:10C21B009007FE12186C900AB8E0600F9007FEE0D2
:10C22B00FCA3E0FDA3E0FEA3E0FF22E4FF7E02FD02
:10C23B00FC9007FEE0F8A3E0F9A3E0FAA3E0FB1201
:03C24B00162D228B
:1064360012C9EEEF60037F01227D02E4FF12C797C7
:10644600D2CA7F0A12C88B9007BF121878000000C4
:10645600009007C37495F0E4FF12BDF69007B9EFFC
:10646600F0640160037F02229007BF1218780000D3
:1064760001AA9007C37487F07F0812BDF69007B98A
:1064860074FFF0E49007B8F09007BF121878000088
:1064960000009007C37401F07F3712BDF69007BF66
:1064A600121878400000009007C37401F07F29128B
:1064B600BDF69007B9EFF060137F0A7E0012C39D08
:1064C6009007B8E004F0E0C3946440BC9007B9E0DC
:1064D60060037F04229007BF121878000000009026
:1064E60007C37401F0A37408F0A37401F0A3740A3F
:1064F600F0A374A8F0A37404F07F3A12AFF5EF701E
:10650600037F0522900AA9E030E6047F0180027F1E
:1065160000900AB8EFF07B017A0A79A87F0912B4D5
:1065260049EF70037F0522900AA8E0C413135403B1
:1065360060030265CE900AADE0540FFBA3E054035E
:1065460025E025E0FCA3E075F004A4FFEC45F0FE91
:10655600A3E0C413135403FDEF4DFFA3E05403253A
:10656600E0FDA3E0C413131354014DFAEF2401FF19
:10657600E43EFEE4FCFD9007BA12186CEA24029091
:1065860007B8F0EBC394094009EB24F7FFE02FF0BE
:10659600801D9007BAE0FCA3E0FDA3E0FEA3E0FFA8
:1065A600C374099BF9F81217689007BA12186C9011
:1065B60007BAE0FCA3E0FDA3E0FEA3E0FF9007B866
:1065C600E0F9F812177B806E900AAFE0543FFFE4C3
:1065D600FCFDFE781012177BC004C005C006C0077C
:1065E600A3E0FFE4FCFDFE780812177BD003D0027F
:1065F600D001D000EB4FFBEA4EFAE94DF9E84CF832
:10660600A3E0FFEB4FFFEAFEE9FDE8FCEF2401FF04
:10661600E43EFEE43DFDE43CFC9007BA12186C90A3
:1066260007BAE0FCA3E0FDA3E0FEA3E0FFE4FB7AEB
:1066360004F9F812162D9007BA12186C9007BAE0F2
:10664600FCA3E0FDA3E0FEA3E0FF900AA412186CF1
:106656009007BF121878000002009007C37401F07B
:0D6666007F1012BDF6E4FDFF12C7977F0004
:016673002204
:06A8B1009007EF12186C85
:10A8B700E4FDFF12C7979007EFE0FCA3E0FDA3E0DC
:10A8C700FEA3E0FF12C21B9007FF12186C9008034B
:10A8D7007401F0A37408F0A37401F0A37407F0A344
:10A8E70074F5F07F1112AB0CEF60069007F5E0608E
:10A8F7000612C2587F01227F607EEA12C3C9EF7039
:10A907000612C2587F0222E49007F6F0A3F07FFFF9
:10A9170012C25C9007F6E0FCA3E0FD9007F3E0FAB3
:10A92700A3E02DF582EA3CF583EFF09007F7E0040A
:10A93700F070069007F6E004F0C39007F6E0940283
:07A9470040CC12C24E7F005C
:01A94E0022E6
:1099430012C21B9007FF12186C9008037401F0A356
:109953007408F0A37401F0A37407F0A374F9F07F03
:109963001812AB0CEF60069007F9E0600612C258BC
:109973007F01227FFF12C25C7FFE12C25CE4FDFC0A
:109983009007F7E0FEA3E02DF582EE3CF583E0FFC0
:1099930012C25C0DBD00010CE4B505E4ECB402E0B9
:1099A3007FFF12C25C7FFF12C25C7FFF12C25CEFBB
:1099B300541F6405600612C2587F02229007FA12F0
:1099C3001878000000007FFF12C25CEF704190071F
:1099D300FAE0FCA3E0FDA3E0FEA3E02401FFE43EE4
:1099E300FEE43DFDE43CFC9007FA12186C7F407ED8
:1099F3000D7D037C009007FAE0F8A3E0F9A3E0FAF9
:109A0300A3E0FBD312175740BD12C2587F032212A3
:049A1300C2587F00B6
:019A1700222C
:10BBA9003E5149453E00000000427F400000000030
:10BBB90042615149460000002141454B31000000D6
:10BBC9001814127F10000000274545453900000070
:10BBD9003C4A494930000000017109050300000091
:10BBE9003649494936000000064949291E00000026
:04C95C00EF24B0FF15
:0AC96000C285C28612C25CD2852295
:0CC7AD0074C32FF582E43409F583E0FF2B
:0AC7B900C285D28612C25CD285222E
:10A170005393DF4394205393BF43944053C9F74311
:10A18000CA08D285D286D2CB7FAE12C960E4FF1254
:10A19000C9607F1012C9607F4012C9607F8112C9F7
:10A1A000607FCF12C9607FA012C9607FC012C960F2
:10A1B0007FA612C9607FA812C9607F3F12C9607F65
:10A1C000D312C960E4FF12C9607FD512C9607F80D5
:10A1D00012C9607FD912C9607FF112C9607FDA129B
:10A1E000C9607F1212C9607FDB12C9607F4012C94B
:10A1F000607F2012C9607F0212C9607F8D12C96022
:10A200007F1412C9607FA412C9607FA612C96012B0
:0EA21000BFB47FAF12C9607F327E0002C39DD3
:0BBB070090073AEFF0A3EDF0A3EBF085
:10BB1200E490073FF090073DE0FF90073FE0FEC34F
:10BB22009F503290073AE02E12C4E7E4900740F0AB
:10BB320090073CE0FF900740E0C39F501090073E03
:10BB4200E0FF12C7B9900740E004F080E390073F9E
:05BB5200E004F080C0DA
:01BB570022CB
:10BFB400E4900741F0900741E0FFC39408502B122E
:10BFC400C95CE4FF12C9607F1012C960E4900742A3
:10BFD400F0E4FF12C7B9900742E004F0E0C3948094
:0ABFE40040EF900741E004F080CB2D
:01BFEE002230
:05BE7E00900740EFF009
:10BE8300E4A3F0900741E0FFC39408502E12C95C6D
:10BE9300E4FF12C9607F1012C960E4900742F0907A
:10BEA3000740E0FF12C7B9900742E004F0E0C394F3
:0BBEB3008040EC900741E004F080C8E4
:01BEBE002261
:109A18007FFF12BE7E7F207E0312C39DE4FF12BE2D
:109A28007E7F207E0312C39DE490073EF090073EA0
:109A3800E0FFC39408504312C95CE4FF12C9607F79
:109A48001012C960E490073FF090073FE0FFC3940D
:109A580080501FEF1313543FFF90073EE06F30E034
:109A6800047F0F80027FF012C7B990073FE004F02F
:109A780080D790073EE004F080B37F207E0312C3B6
:109A88009DE4FF12BE7EE490073EF090073EE0FFA3
:109A9800C39408504612C95CE4FF12C9607F1012D3
:109AA800C960E490073FF090073FE0FFC3948050FF
:109AB8002290073EE0FE600A64076006EF6003B488
:109AC8007F047FFF80027F8112C7B990073FE004BF
:109AD800F080D490073EE004F080B07F207E03023F
:029AE800C39D1C
:05B52E0090073EEFF064
:10B5330012BFB47FB012C960E4FF12C9607F10125A
:10B54300C960E490073FF090073EE0FFA3E0FED31D
:10B553009F5048EE94095043E4A3F0900740E0FF66
:10B56300C39408502990073FE075F008A424A9F577
:10B5730082E434BBF583E5822FF582E43583F583DA
:10B58300E493FF12C7B9900740E004F080CDE4FFD5
:0BB5930012C7B990073FE004F080AC45
:01B59E00228A
:06C4E500E004FFA3E0FDEE
:10C4EB0090074AEDF012C95C90074AE0540FFF1217
:0FC4FB00C96090074AE0C4540F4410FF02C960A3
:08B74400900743EFF0A3EDF0C4
:10B74C00AF0312BFEF7B017A0979C39007517410D4
:10B75C00F012B3D5900743E012C4E7E4900745F02C
:10B76C00900745E0FFC39408500B12C7AD900745F6
:10B77C00E004F080EB90074312C4E5900745740891
:10B78C00F0900745E0FFC39410500B12C7AD900723
:06B79C0045E004F080EB23
:01B7A2002284
:08A76F00900741EFF0A3EDF0AB
:10A77700AF03900744E0FD12923690074612186C1B
:10A78700E4FFFEFDFC900746E0F8A3E0F9A3E0FA3A
:10A79700A3E0FBC3121757606F900746E0FCA3E0E6
:10A7A700FDA3E0FEA3E0FF7B017A0979D39007516F
:10A7B7007420F012B3D5900741E012C4E7E4900784
:10A7C70045F0900745E0FFC39410501374D32FF55D
:10A7D70082E4340912C7B5900745E004F080E3909E
:10A7E700074112C4E59007457410F0900745E0FF54
:10A7F700C39420501374D32FF582E4340912C7B5DC
:08A80700900745E004F080E336
:01A80F002226
:10A6CB0090073CEFF0A3EDF0A3EBF0A3EAF0A3E9C6
:10A6DB00F090073EE0FBA3E0FAA3E0F9121403703D
:10A6EB000302A76EC39480403C90073DE0FDD394DA
:10A6FB0070507090073CE0FF121403FBC0039007EF
:10A70B003EE0FB90000112141C900744F0D00312A2
:10A71B00A76F90073FE475F00212151A90073DE002
:10A72B002410F0803290073DE0FDD39478503490A4
:10A73B00073CE0FF90073EE0FBA3E0FAA3E0F91231
:10A74B001403FB12B74490073FE475F00112151A7E
:10A75B0090073DE02408F090073DE0D39478500338
:04A76B0002A6DC2244
:0EA94F0090073EEFF0A3EDF0A3EAF0A3EBF0CB
:10A95D004A700D90073EE0FFA3E0FD7B3002B74447
:10A96D00E4FB900740E0FEA3E0FFD39400EE9400DB
:10A97D0040317C007D0A12148FED2430FF74F32BCF
:10A98D00F582E43409F583EFF00B900740E0FEA368
:10A99D00E0FF7C007D0A12148F900740EEF0A3EFCC
:10A9AD00F080BF900742EBF0900742E0FED3940099
:10A9BD00402690073EE0FFA3E0FD74F22EF582E401
:10A9CD003409F583E0FB12B74490073FE02408F00B
:08A9DD00900742E014F080D065
:01A9E500224F
:09C9F70053C9F743CA08D2CB2250
:10C3F40090074AE0FCA3E0FDA3E0FEA3E0FF1217D0
:01C4040068CF
:10C40500E4FEC295EF30E704D2938002C293EF2594
:09C41500E0FFD2950EEEB408E937
:01C41E0022FB
:10C76A00E4FFFEC295EF25E0FF3094034401FFD2B7
:06C77A00950EEEB408ED7F
:01C780002296
:10B3D50090074A12186C90074EEBF0A3EAF0A3E928
:01B3E500F077
:10B3E60053CEBF5391F74392085391DF43922053B4
:10B3F60091EF5392EFC295D293C2CB7F0312C4054D
:10B40600781012C3F4780812C3F490074AA3A3A3D2
:10B41600E0FF12C405E4FD900751E0FFEDC39F5025
:10B426001A12C76A90074EE0FBA3E0FAA3E0F98D73
:10B4360082758300EF12145B0D80DCD2CBC295437C
:02B44600CE40F6
:01B4480022E1
:10BFEF00EFC394204006EFD3947E40097FC07EB705
:10BFFF007D037C0022EF24E0FFE434FFFE3395E065
:10C00F00FDFCE47B10FAF9F812162DEF24C0FFEEB9
:0BC01F0034B7FEED3403FDE43CFC22CE
:1092360090074BEDF090074AEFF0BFA91DA3E0FFA2
:10924600C394A14015EF245FFFE434FFCF241ACF67
:109256003401FE7C007D200219EB90074AE0FFC333
:1092660094A1404AEFD394A35044A3E0C394A140F1
:109276003D90074AE0245FFFE434FFFE3395E0FDAE
:10928600FCE47B5EFAF9F812162DA804A905AA06D5
:10929600AB0790074BE0245FFFE434FFFE3395E015
:1092A600FDFCEB2FFFEA3EFEE93DFDE880609007FE
:1092B6004AE0FFC394B04061EFD394F7505BA3E05C
:1092C600C394A1405490074AE02450FFE434FFFEC3
:1092D6003395E0FDFCE47B5EFAF9F812162DA8043E
:1092E600A905AA06AB0790074BE0245FFFE434FF0D
:1092F600FE3395E0FDFCEB2FFFEA3EFEE93DFDE87F
:109306003CFCEF244EFFEE3403FEE43DFDE43CFC62
:0F931600E47B20FAF9F802162DE4FFFEFDFC229D
:05AC3000420A9C000A2D
:10C44900EF1460101460162402701B20A7037F01EB
:10C45900227F002220C6037F01227F002220800341
:09C469007F01227F00227F0022E6
:10C52E00900AA3E0FE045403FD900AA2E06D60138E
:10C53E00749E2EF582E4340AF583EFF0AF05900A6F
:03C54E00A3EFF068
:01C5510022C7
:10C90300EF70037F0122EFB401037F03227F05222F
:10C91300EF70037F0222EFB401037F04227F06221C
:10B3600053957F53967F53B3BF53B4BF5393FE534C
:10B3700094FEE4FFEF75F006A4248AF582E4340A13
:10B38000F583E4F0EF75F006A4248BF582E4340A2B
:10B39000F583E4F0EF75F006A4248CF582E4340A1A
:10B3A000F583E4F0EF75F006A4248DF582E4340A09
:10B3B000F583E4F0A3F0EF75F006A4248FF582E4A2
:10B3C000340AF583E4F00FEFB403A9E4900AA3F084
:04B3D000900AA2F04D
:01B3D4002256
:10C0D800900B18E0FEA3E0FF900A88E0FCA3E0FDC7
:10C0E800C3EF9DFDEE9CFC900A88EEF0A3EFF0D321
:10C0F800ED94C8EC940040047C007DC8AF05900A1C
:06C108009CECF0A3EFF037
:01C10E00220E
:107E710012C0D8E4FCAF0412C449EC75F006A42486
:107E81008AF582E4340AF583E06F6023EC75F0062D
:107E9100A4248AF582E4340AF583EFF0EC75F00648
:107EA100A4248CF582E4340AF583E4F0027FDBEC50
:107EB10075F006A4248CF582E4340AF583E0C394BA
:107EC100025028EC75F006A4248CF582E4340AF5FE
:107ED10083E004F0EC75F006A4248CF582E4340A06
:107EE100F583E0C394025003027FDBEC75F006A436
:107EF100248BF582E4340AF583E06F6050EC75F071
:107F010006A4248BF582E4340AF583EFF0B401244E
:107F1100EC75F006A4248DF582E4340AF583E4F0CF
:107F2100A3F0EC75F006A4248FF582E4340AF583FE
:107F3100E4F08019EC75F006A4248FF582E4340A8C
:107F4100F583E07008AF0412C90312C52EEC75F079
:107F510006A4248BF582E4340AF583E06401707A87
:107F6100EC75F006A4248DF582E4340AF583E0FE75
:107F7100A3E0C394FFEE94FF501C900A9CE0FEA383
:107F8100E0FFEC75F006A4248DF582E4340AF58354
:107F9100EE8FF012151AEC75F006A4248FF582E429
:107FA100340AF583E07033EC75F006A4248DF58274
:107FB100E4340AF583E0FEA3E0C394E8EE940340C1
:107FC10019EC75F006A4248FF582E4340AF5837464
:107FD10001F0AF0412C91312C52E0CEC6403600347
:037FE100027E76A7
:017FE400227A
:10C47200900AA3E0FF900AA2E0FEB507037F002224
:10C48200749E2EF582E4340AF583E0FDEE04540333
:06C49200900AA2F0AF05C4
:01C498002281
:0CC9910000030205000305010406020477
:05C72300F912141CFFD7
:10C72800EF75F00A84C454F0FEEF75F00A84E5F062
:03C738004EFF228F
:0FC92300EFC4540F75F00AA4FEEF540F2EFF223D
:10C8C000E4FBFD7F5112C499E4FB7D017F5102C45A
:01C8D00099CE
:10C6F200AD077B017A07794D7F5112BC8FEF700332
:08C702007FFF2290074DE0FFCC
:01C70A00220C
:0B8F550090074AEBF0A3EAF0A3E9F05C
:108F60007F0212C6F2EFB4FF037F0022EF30E70466
:108F70007E0080027E0190074AE0FBA3E0FAA3E0B6
:108F8000F9900007EE12145BEF547FFF12C9239093
:108F9000074AE0FBA3E0FAA3E0F9900005EF121402
:108FA0005B7F0312C6F2EF547FFF12C92390074A7A
:108FB000E0FBA3E0FAA3E0F9900004EF12145B7F5A
:108FC0000412C6F2EF543FFF12C92390074AE0FB98
:108FD000A3E0FAA3E0F9900003EF12145B7F0512FF
:108FE000C6F2EF543FFF12C92390074AE0FBA3E00B
:108FF000FAA3E0F9900002EF12145B7F0612C6F2AA
:10900000EF5407FF90074AE0FBA3E0FAA3E0F990D2
:109010000006EF12145B7F0712C6F2EF541FFF1217
:10902000C92390074AE0FBA3E0FAA3E0F99000010E
:10903000EF12145B7F0812C6F212C92390074AE0B0
:0D904000FBA3E0FAA3E0F9EF1214497F0151
:01904D002200
:0AACBA0090073FEBF090073EEDF02D
:10ACC400EF24D0FEE43407900740F0A3CEF0EDC3A8
:10ACD4009403500BE024FFF0900740E034FFF09021
:10ACE4000740E0FCA3E0FDAE047802CEC313CE130C
:10ACF400D8F92DFBEC3EFA900740E0FEA3E0FF7C80
:10AD0400007D6412148FC3EB9FFBEA9EFA90074008
:10AD1400E0FEA3E0FF7C017D9012148FEF2BFFEE89
:10AD24003AFE90073EE090C990937C002FFFEC3EE2
:10AD3400FE90073FE02FFFEC3EFE7D0712148FAF1D
:01AD44000509
:01AD450022EB
:1097960090073BEBF0A3EAF0A3E9F0E4FBFD7F5171
:1097A60012C49990073BE0FBA3E0FAA3E090000502
:1097B60012C723AB077D027F5112C49990073BE085
:1097C600FBA3E0FAA3E090000412C723AB077D03D6
:1097D6007F5112C49990073BE0FBA3E0FAA3E0F99E
:1097E60090000312C724AB077D047F5112C49990E1
:1097F600073BE0FBA3E0FAA3E0F990000212C724BE
:10980600AB077D057F5112C49990073BE0FBA3E0AF
:10981600FAA3E0F9121403FF90000112141CFD9044
:10982600000212141CFB12ACBAAB077D067F511264
:10983600C49990073BE0FBA3E0FAA3E0F99000018E
:1098460012C724AB077D077F5112C49990073BE0EE
:10985600FBA3E0FAA3E0F9121403FF12C728AB0733
:079866007D087F5102C49947
:0CC99D001F1C1F1E1F1E1F1F1E1F1E1F21
:0300430002BB58A5
:0DBB5800C0E0C083C082C0D075D000C0071F
:10BB6500E59A30E02C539AFE90086DE004FFC394EB
:10BB75004040027F0090086FE06F601590086DE00F
:10BB85002421F582E43408F583E59BF090086DEFF8
:09BB9500F0E59A30E103539AFD3A
:0BBB9E00D007D0D0D082D083D0E0329E
:10C2B10090086FE0FF90086DE0B507037F002290C2
:10C2C100086FE02421F582E43408F583E012144973
:10C2D10090086FE004F0E0C394404002E4F07F0175
:01C2E100223A
:10C1E700AB07AA06EB540360037F00227C007D6443
:10C1F700AF03AE0212148FED4C60037F0122AE0233
:10C20700AF037C017D9012148FED4C70047F018089
:04C21700027F002280
:0EA4D4007B017A087961900739740CF07F03E0
:0BA4E200900736EBF0A3EAF0A3E9F0CE
:10A4ED00E4FEFD74702DF582E43408F583E0601A06
:10A4FD00642A6016EE6F601274702DF582E43408D4
:10A50D00F583E0B42C010E0D80D9EE6F60037FFF53
:10A51D0022E4FF74702DF582E43408F583E0FE60CB
:10A52D003A642C6036EE642A6031900739E0C394AA
:10A53D0001FEEFC39E502474702DF582E43408F5AE
:10A54D0083E0FE900736E0FBA3E0FAA3E0F98F82EB
:10A55D00758300EE12145B0F0D80B8900736E0FB8B
:0FA56D00A3E0FAA3E0F98F82758300E412145B78
:01A57C0022BC
:08B0FB007A0879617B017D02F6
:0EB10300900735EBF0A3EAF0A3E9F0A3EDF01E
:10B11100E4A3F0A3F0A3F0900738E0FF90073BE031
:10B12100FEC39F504A900735E0FBA3E0FAA3E0F984
:10B131008E8275830012141CFFC394304031EFD30B
:10B141009439502BEF24D0FFE434FFAB07FA90077A
:10B1510039E0FEA3E0FF7C007D0A12147DEF2BFF96
:10B16100EE3A900739F0A3EFF0A3E004F080A89045
:07B171000739E0FEA3E0FF37
:01B1780022B4
:066C5C007B017A0879615A
:0E6C6200900735EBF0A3EAF0A3E9F0A3EDF004
:106C7000E490073FF0A3F0900747F0900738E0FF5B
:106C8000900747E0FEC39F503F900735E0FBA3E02D
:106C9000FAA3E0F98E8275830012141C24D0FFE45D
:106CA00034FFAB07FA90073FE0FEA3E0FF7C007DD6
:106CB0000A12147DEF2BFFEE3A90073FF0A3EFF09E
:106CC000900747E004F080B3900735E0FBA3E0FABB
:106CD000A3E0F9900747E0F58275830012141C24A5
:106CE000D0FFE434FFFE7C007D0A12147D9007473C
:106CF000E0F5828C83A312141C24D0FDEC34FFFC3D
:106D0000EF2DFFEE3C900741F0A3EFF0900747E036
:106D10002402F0E0F58275830012141CB42E069054
:106D20000747E004F090074312187800000000E4E1
:106D3000900748F0900748E0FFC394044003026DB9
:106D4000CE900747E02FFFE433FE900735E0FBA32A
:106D5000E0FAA3E0F98F828E8312141C900749F0A9
:106D6000C394304043E0D39439503DE47F0AFEFDA4
:106D7000FC900743E0F8A3E0F9A3E0FAA3E0FB12DC
:106D8000162DA804A905AA06AB07900749E024D050
:106D9000FFE434FFFE3395E0FDFCEB2FFFEA3EFEFF
:106DA000E93DFDE83CFC8017900743E0FCA3E0FDD3
:106DB000A3E0FEA3E0FFE47B0AFAF9F812162D9097
:106DC000074312186C900748E004F0026D349007F6
:106DD00041E0FEA3E0FF7C277D101219EBA3E0F851
:106DE000A3E0F9A3E0FAA3E02FFFEA3EFEE93DFDB0
:106DF000E83CFC90074312186C90073FE0F9A3E0D1
:106E0000FF900739E0FBA3E0FAA3E0C98FF0121569
:106E1000E1E47B3CFAF9F8900743E0FCA3E0FDA332
:106E2000E0FEA3E0FF1216B890073CE0FBA3E0FAF7
:096E3000A3E0F9EE8FF00215E178
:10C63500900732E0FBA3E0FAA3E0F990000312149F
:04C645001CFF7D4712
:0AC64900EFB505037F01227F0022F8
:0B47B100900732EBF0A3EAF0A3E9F060
:1047BC0012140364246003024CB9900815E004F051
:1047CC007006900814E004F0900732E0FBA3E0FAC6
:1047DC00A3E0F990000312141C6454600302491402
:1047EC0090000412141C64586003024914900005D4
:1047FC0012141C64546003024914FF900732E0FB4E
:10480C00A3E0FAA3E0F98F8275830012141CFE70EA
:10481C0003024CB964416003024910EF2401FDE42A
:10482C0033FC8D828C8312141C644E60030249107D
:10483C00EFF582758300A3A312141C645460030269
:10484C004910EF2403FDE433FC8D828C8312141C7D
:10485C0064456003024910EF2404F582E433F583C8
:10486C0012141C644E6003024910EF2405FDE4335E
:10487C00FC8D828C8312141C644E6003024910EF71
:10488C002406F582E433F58312141C64417075EF31
:10489C002408FDE433FC8D828C8312141CFEB44F6F
:1048AC0015EF2409F582E433F58312141CB44B067E
:1048BC00900816024CB6EEB44F23EF2409FDE433F6
:1048CC00FC900732E0FBA3E0FAA3E0F98D828C8325
:1048DC0012141CB450079008167402F022EF24082E
:1048EC00FDE433FC900732E0FBA3E0FAA3E0F98D82
:1048FC00828C8312141C64536003024CB99008160A
:10490C007403F0220F024807900732E0FBA3E0FA91
:10491C00A3E0F990000312141CFF7D5212C649EF5C
:10492C007003024AB9900732E0FBA3E0FAA3E0F966
:10493C0090000412141CFF7D4D12C649EF70030247
:10494C004AB9900732E0FBA3E0FAA3E0F990000526
:10495C0012141CFF7D4312C649EF7003024AB99032
:10496C00086EE090080BF0E490086EF012A4D4EFFF
:10497C00C39404401F9007397401F0A37408F0A38A
:10498C007419F0A37401F0A37408F0A3741BF07DE8
:10499C0002126C5C7B017A0879619007397402F021
:1049AC007F0412A4E2BF0108900861E0900817F0A0
:1049BC007B017A087961900739740CF07F0512A499
:1049CC00E2EFC39405401F9007397401F0A37408FB
:1049DC00F0A3741DF0A37401F0A37408F0A3741F6A
:1049EC00F07D03126C5C7B017A0879619007397455
:1049FC0002F07F0612A4E2BF0108900861E0900863
:104A0C0018F07B017A087961900739740CF07F02F9
:104A1C0012A4E2EF64016003024CB9900861E064F7
:104A2C00416003024CB990080904F0FB7A087961E3
:104A3C00900739740CF07F0912A4E2EF640660034E
:104A4C00024CB912B0FB90080EEFF07A08796312A1
:104A5C00B0FF90080DEFF07B017A0879657D0212AA
:104A6C00B10390080CEFF07B017A0879619007395B
:104A7C00740CF07F0112A4E2EFC394065003024CB5
:104A8C00B912B0FB90080FEFF07B017A0879637DC7
:104A9C000212B103900810EFF07B017A0879657D62
:104AAC000212B103900811EFF0A3024CB612C635F6
:104ABC00EF7003024B41900732E0FBA3E0FAA3E056
:104ACC00F990000412141CFF12C649EF606790079E
:104ADC0032E0FBA3E0FAA3E0F990000512141CFFEE
:104AEC007D4112C649EF604D7B017A0879619007D0
:104AFC0039740CF07F0612A4E2BF0116900861E035
:104B0C00FFC39431400CEFD39439500690080974CC
:104B1C0001F07B017A087961900739740CF07F07FA
:104B2C0012A4E2EFC394015003024CB912B0FB90F3
:104B3C00080AEFF02212C635EF606E900732E0FBE8
:104B4C00A3E0FAA3E0F990000412141CFF7D5312A9
:104B5C00C649EF6054900732E0FBA3E0FAA3E0F9FA
:104B6C0090000512141CFF7D5612C649EF603A7B6B
:104B7C00017A087961900739740CF07F0212A4E273
:104B8C00EF64016003024CB9900861E0643160038A
:104B9C00024CB912A4D4EFC394015003024CB912C5
:104BAC00B0FB90086EE02FF022900732E0FBA3E000
:104BBC00FAA3E0F990000312141CFF7D5A12C649A7
:104BCC00EF7003024CB9900732E0FBA3E0FAA3E0CC
:104BDC00F990000412141CFF7D4412C649EF7003B7
:104BEC00024CB9900732E0FBA3E0FAA3E0F9900085
:104BFC000512141CFF7D4112C649EF7003024CB91B
:104C0C007B017A087961900739740CF07F0412A447
:104C1C00E2EF64046003024CB97B017A0879617D90
:104C2C000412B103C3EF94D0EE94075003024CB9B5
:104C3C00D3EF9433EE94085074EF243090080CF0BA
:104C4C007B017A087961900739740CF07F0212A409
:104C5C00E2BF020812B0FB90080EEFF012A4D4BF12
:104C6C00020812B0FB90080DEFF07B017A08796115
:104C7C00900739740CF07F0112A4E2EFC394064044
:104C8C002C12B0FB90080FEFF07B017A0879637D52
:104C9C000212B103900810EFF07B017A0879657D60
:0D4CAC000212B103900811EFF0A37401F0A3
:014CB90022D8
:10B7A300E4900809F0A3F0A3F0A3F0A3F0A3F0A39F
:10B7B300F0A3F0A3F0A3F0A3F0A3F0A3F0A3F0A3EE
:10B7C300F0A3F0A3F0A3F0A3F0A3F0A3F0A3F0A3DE
:10B7D300F0A3F0900808F090086EF090086DF090D8
:10B7E300086FF07F64900870E4F0A3DFFC12C617C3
:0EB7F3007F007EC27D017C0012BC4543AF0189
:01B801002224
:10B802007B017A07793112C2B1EF604D900731E0C6
:10B81200B40A18900808E02470F582E43408F5832D
:10B82200E4F07A0879701247B18027900731E0FF7F
:10B83200640D60CC900808E0FEC3946350147470E9
:10B842002EF582E43408F583EFF0900808E004F066
:09B8520080AEE4900808F080A724
:01B85B0022CA
:07CA09007B017A0879092284
:108C6400900812E06004A3E060037F002290080DE6
:108C7400E0FFC39401401BEFD3940C5015A3E0FF15
:108C8400C39401400DEFD3941F5007A3E0FB941746
:108C940040037F002290080CE024D0FEE4340790C7
:108CA4000739F0A3CEF090080DE0900732F0900859
:108CB4000EE0900733F0EB2408A3F0900810E09046
:108CC4000735F0900811E0900736F0900734E0C3C0
:108CD40094184050E024E8F0900733E004F0900743
:108CE40032E0FF90C99C93F9EFB40210900739E089
:108CF400FEA3E0FF12C1E7EF6002791D900733E0A5
:108D0400D39940207401F0900732E004F0E0D3944A
:108D14000C40117401F090073AE004F070069007DB
:108D240039E004F0900739E0FEA3E0FF7C007D64A5
:108D340012148FAF05900731EFF0A3E0FDA3E0FB21
:108D440012ACBA900737EFF0A37401F0FB7A0779FD
:0B8D5400311297969008137401F0FF95
:018D5F0022F1
:10C8D10012C83FE4900B0FF0A3F0A3F0A3F0A3F074
:01C8E1002234
:108E5B007D107F0912AF6EBEFF09BFFF06E4900BBA
:108E6B0013F02212C8F390073112186C900731A33C
:108E7B00A3E0FFA3E0900B0FCFF0A3EFF0900B1349
:108E8B007401F0E47F287E23FDFC900731E0F8A30A
:108E9B00E0F9A3E0FAA3E0FBD31217575007E490D5
:108EAB000B11F08057E47F387E31FDFC900731E0E9
:108EBB00F8A3E0F9A3E0FAA3E0FBC31217574008AD
:108ECB00900B117464F08034900731E0FCA3E0FD4B
:108EDB00A3E0FEA3E024D8FFEE34DCFEED34FFFD6F
:108EEB00EC34FFFCE47B64FAF9F812162DE47B10EA
:108EFB007A0EF9F81216B8900B11EFF0E47F287E7A
:108F0B0023FDFC900731E0F8A3E0F9A3E0FAA3E01E
:108F1B00FBC31217575006E4900B12F022900B1163
:108F2B00E0FFC3944C4005A37404F022EFC39433C9
:108F3B004007900B127403F022EFC3941A900B129C
:098F4B0040047402F0227401F0EC
:018F540022FA
:07CA10007B017A0B790F2274
:0AC9C9002794254A231C21081F0DA6
:08BA11007A0A79167B017D021F
:0EBA1900900737EBF0A3EAF0A3E9F0A3EDF0FD
:10BA27007FFFE4FE90073AE0FDEEC39D502E90079E
:10BA370037E0FBA3E0FAA3E0F98E827583001214C6
:10BA47001C6FFFE4FDEF30E70725E06431FF80045A
:0CBA5700EF25E0FF0DEDB408EC0E80C8F8
:01BA630022C0
:108741007F4412CA5DEF700280447DFD7C007F444E
:1087510012C1B2EF700280367F0C7E0012C39D7B86
:10876100017A0A791690073B7406F07F4412B60D20
:10877100EF7002801912BA11900A18E0B5070E7A4B
:108781000A791912BA15900A1BE06F6006E4900984
:10879100F8F022900A16E0FEA3E0FDEDFFE4FCFDF7
:1087A10090073112186CE47FD67E06FDFC900731EC
:1087B100E0F8A3E0F9A3E0FAA3E0FB12162DE47BB5
:1087C100FF7AFFF9F81216B8EF243EFFEE34FE905F
:1087D10009F9F0A3EFF0900A19E0FEA3E0FDEDFF27
:0987E100E4FCFD90073112186C54
:1087EA00E47FE27E04FDFC900731E0F8A3E0F9A300
:1087FA00E0FAA3E0FB12162DE47BFF7AFFF9F812E8
:10880A0016B8EF24C4FFEE34FFFE900735F0A3EF4D
:10881A00F0C3EE648094805007E4900735F0A3F02B
:10882A00D3900736E094E8900735E064809483405B
:10883A00077403F0A374E8F0900735E0FFA3E09013
:07884A0009FBCFF0A3EFF0E2
:068851009009F87401F02B
:0188570022FE
:10BE3C007F1012CA5DEF700280187B017A0779318E
:10BE4C009007397402F07D047C007F1012A37AEF06
:10BE5C007005900A04F022900732E0FE900731E062
:10BE6C00FDEDFF900A05EEF0A3EFF0900A047401CB
:01BE7C00F0D5
:01BE7D0022A2
:109EA7007F0C12CA5DEF7003029F3B7B017D0A7F27
:109EB7000C12C499EF7002807B7F0A7E0012C39D4B
:109EC7007B017A0779319007397402F07D037C00B2
:109ED7007F0C12A37AEF7002805A900732E0FE904F
:109EE7000731E0FDEDFF900A08EEF0A3EFF07B01EC
:109EF7007A0779319007397402F07D057C007F0C71
:109F070012A37AEF7002802C900732E0FE9007319F
:109F1700E0FDEDFF900A0AEEF0A3EFF07B017A0770
:109F270079319007397402F07D077C007F0C12A30A
:109F37007AEF7005900A07F022900732E0FE90074B
:109F470031E0FDEDFF900A0CEEF0A3EFF0900A0769
:039F57007401F0A2
:019F5A0022E4
:107FE500E47B0AFAF9F81216B8900743EEF0A3EF0E
:107FF500F0E490074DF090074DE0FFC3940450283E
:10800500EF25E024CBF582E434C9F583E493FE74CF
:108015000193FFC3900744E09F900743E09E5008FB
:1080250090074DE004F080CE90074DE0FF25E02459
:10803500CBF582E434C9F583E493FC740193FDEF39
:1080450025E024C9F582E434C9F583E493FA740183
:1080550093FBC39DFFEA9CFEE4FCFD9007491218C3
:108065006CC3900744E09B900743E09A90074DE06E
:10807500406525E024C9F582E434C9F583E493FE1F
:10808500740193FFC3900744E09FFF900743E09E70
:10809500FE7C017DF41219EB90074512186C9007D0
:1080A50049E0F8A3E0F9A3E0FAA3E0FB900745E077
:1080B500FCA3E0FDA3E0FEA3E0FF1216B8AB07AA00
:1080C5000690074DE0FF7E007C017DF412147DC310
:1080D500EF9BFFEE9AFE2225E024C9F582E434C920
:1080E500F583E493FE740193FF900743E0FCA3E05E
:1080F500FDC3EF9DFFEE9CFE7C017DF41219EBA301
:1081050012186C900749E0F8A3E0F9A3E0FAA3E0A0
:10811500FB900745E0FCA3E0FDA3E0FEA3E0FF1212
:1081250016B8AB07AA0690074DE0FF7E007C017DDF
:0A813500F412147DEF2BFFEE3AFE6A
:01813F00221D
:1071DF007F0112C803EF64506003027370900A229C
:1071EF00E070147D507F3612C70B7D037F3012C7BE
:1071FF000B900A227401F07D507F3612C70B7D036E
:10720F007F3012C70B7D827F3712C70B7F327E0014
:10721F0012C39D7B017A0779319007487406F07F7E
:10722F001D12BDB0900732E0FFE4FCFDFE7808129E
:10723F00177BC004C005C006C007A3E0FFE4FCFD38
:10724F00FE781012177BD003D002D001D000EF4B85
:10725F00FBEE4AFAED49F9EC48F8900731E0FFEB05
:10726F004FFFEAFEE9FDE8FC90073712186C900714
:10727F0037A3E0FDED5480FDED6020900737E0FC73
:10728F00A3E0FDA3E0FEA3E02400FFE43EFEE43D07
:10729F00FDEC34FFFC90073712186C900735E0FFB8
:1072AF00E4FCFDFE780812177BC004C005C006C0C1
:1072BF0007A3E0FFE4FCFDFE781012177BD003D08C
:1072CF0002D001D000EF4BFBEE4AFAED49F9EC4842
:1072DF00F8900734E0FFEB4FFFEAFEE9FDE8FC9082
:1072EF00073B12186C90073BA3E0FDED5480FDEDBA
:1072FF00602090073BE0FCA3E0FDA3E0FEA3E024A9
:10730F0000FFE43EFEE43DFDEC34FFFC90073B1232
:10731F00186CE47B40FAF9F890073BE0FCA3E0FD22
:10732F00A3E0FEA3E0FF1216B890073F12186CE41B
:10733F007F307E75FDFC90073FE0F8A3E0F9A3E0F6
:10734F00FAA3E0FBC312175740177FB07EAD7D0144
:10735F007C0090073FE0F8A3A3A3E0D31217574098
:10736F0006E49009FDF02290073FE0FCA3E0FDA3A7
:10737F00E0FEA3E0FF9009FE12186C90073FE0FCBF
:10738F00A3E0FDA3E0FEA3E0FF127FE5900A02EE6B
:0A739F00F0A3EFF09009FD7401F077
:0173A90022C1
:109325007F6212CA5DEF7002800C7D057CEC7F6266
:1093350012C1B2EF7005900A0EF0227F027E001274
:10934500C39D7B017A0A791690073B7409F07F6209
:1093550012B60DEF700302940E12BA11900A18E0BE
:109365006F600302940E7B017A0A79197D0212BAA5
:1093750019900A1BE06F600302940E7B017A0A794B
:109385001C7D0212BA19900A1EE06F707C900A16B5
:10939500E0FEA3E0FDEDFF900A0FEEF0A3EFF090E5
:1093A5000A19E0FEA3E0FDEDFFE4FCFD9007311294
:1093B500186CE47FD67E06FDFC900731E0F8A3E04B
:1093C500F9A3E0FAA3E0FB12162DE4FBFA7901F804
:1093D5001216B8EF243EFFEE34FE900A11F0A3EF0B
:1093E500F0900A1CE0FEA3E0FDEDFF7C037DE81292
:1093F50019EBE4FBFA7901F81216B8900A13EEF0AE
:09940500A3EFF0900A0E7401F0CF
:01940E00223B
:10B1F600E49009F8F0A3F0A3F0A3F0A3F0A3F0A362
:10B2060012187800000000E4900A02F0A3F0A3F000
:10B21600A3F0A3F0A3F0A3F0A3F0A3F0A3F0A3F090
:10B22600A3F0A3F0A3F0A3F0A3F0A3F0A3F0A3F080
:10B23600A3F0FBFAFD7F1012000E7F787E0012C38A
:10B246009D7B247D417F0C12C4997BC07D427F0C7F
:10B2560012C4997D867C3F7F6212C1B27F587E02FE
:0CB2660012C39D7DB17C217F6202C1B249
:10C06500900A15E014601214601414601614601818
:10C075002404701712874180121271DF800D12BEE1
:10C085003C8008129EA78003129325900A15E004B0
:0AC09500F0E0C394054002E4F0223D
:07CA17007B017A0979F82286
:03CA600002BFB45E
:0EA21E00900736EFF0A3EBF0A3EAF0A3E9F00F
:10A22C00E4FF900737E0FBA3E0FAA3E0F98F827517
:10A23C00830012141CFE6015EFC39419500F744662
:10A24C002FF582E4340AF583EEF00F80D574462F97
:10A25C00F582E4340AF583E4F0900736E0FF7B01E5
:10A26C007A0A7946E4FD12A6CBE490073AF0FF7423
:10A27C00462FF582E4340AF583E0FE602090073A1D
:10A28C00E0C394105017EEC394804008E02402F011
:10A29C000F0F80DB90073AE004F00F80D290073A62
:10A2AC00E0FEC394105018900736E0FFEE75F008EE
:0FA2BC00A4FD7B2012B74490073AE004F080DE47
:01A2CB002270
:0BB85C00900734EFF0A3EDF0A3EBF039
:10B86700A3E0704AA3F0900738E0FC75F007A4FE48
:10B87700900735E02E900739F0900736E0FFECC3CC
:10B887009F900734E0FF900739E0FD90073D740271
:10B897005006F0A374FF8004F0A37481F07B0512B7
:0EB8A700BB07900738E004F0E0C3940440B8FB
:01B8B5002270
:0EA2CC00900739EBF0A3EAF0A3E9F0A3EDF060
:10A2DA00E4A3F090073CE0FFC313FEA3E0C39E5043
:10A2EA0079900739E0FBA3E0FAA3E0F990073DE093
:10A2FA00FEF58275830012141C90073EF0EF24FFCE
:10A30A00FDE434FFFCEEFFC3ED9FFFEC94008F8267
:10A31A00F58312141CFF90073DE0F582758300EF68
:10A32A0012145B90073EE0FF90073CE024FFFDE437
:10A33A0034FFFCA3E0FBC3ED9BFDEC9400FC90070B
:10A34A0039E0FBA3E0FAA3E0F98D828C83EF1214C3
:10A35A005B90073DE004F002A2DD900739E0FBA321
:10A36A00E0FAA3E0F9A3E0F582758300E402145B46
:047CFC00AB07AA0622
:107D0000E4900736F0C3EA648094804003027DC4A7
:107D1000C3E49BFEE49AA3F0A3CEF0900737E0FE05
:107D2000A3E0FF7C007D0A12148FED2430FF900742
:107D300036E02460F582E4340AF583EFF0900736EC
:107D4000E004F0E02460F582E4340AF583742EF058
:107D5000900736E004F0A3E0FEA3E0FF7C007D0A7C
:107D600012148F900737EEF0A3EFF0900737E0FE84
:107D7000A3E0FF7C007D0A12148FED2430FF9007F2
:107D800036E02460F582E4340AF583EFF09007369C
:107D9000E004F0A3E0FEA3E0FF7C007D0A12148F54
:107DA000900737EEF0A3EFF04E70C0900736E02456
:107DB00060F582E4340AF583742DF0900736E00410
:107DC000F0027E5CAF03900737EAF0A3EFF0900774
:107DD00037E0FAA3E0FB7C007D0AFFAE0212148FAD
:107DE000ED2430FF900736E02460F582E4340AF594
:107DF00083EFF0900736E004F0E02460F582E4348D
:107E00000AF583742EF0900736E004F07C007D0ABA
:107E1000AF03AE0212148FA3EEF0A3EFF09007377A
:107E2000E0FAA3E0FB7C007D0AFFAE0212148FEDA6
:107E30002430FF900736E02460F582E4340AF583AD
:107E4000EFF0900736E004F07C007D0AAF03AE024D
:107E500012148FA3EEF0A3EFF04E70C17B017A0AEB
:107E60007960900736E0FD12A2CC7B017A0A796036
:017E700022EF
:04BA6400AB07AA067C
:10BA6800E4900736F07C007D0AAF03AE0212148F13
:10BA7800ED2430FF900736E02460F582E4340AF5BF
:10BA880083EFF0900736E004F07C007D0AAF03AE48
:10BA98000212148FAA06AB07EB4A70C97B017A0A17
:0DBAA8007960E0FD12A2CC7B017A0A796082
:01BAB500226E
:03008B0002BD2192
:0DBD2100C0E0C083C082C0D075D000C00754
:10BD2E00E5AC30E02C53ACFE900959E004FFC3940F
:10BD3E004040027F00900962E06F6015900959E063
:10BD4E002463F582E43409F583E5ADF0900959EFEB
:01BD5E00F0F4
:0BBD5F00D007D0D0D082D083D0E032DB
:10C2E200900962E0FF900959E0B507037F002290B0
:10C2F2000962E02463F582E43409F583E01214490B
:10C30200900962E004F0E0C394404002E4F07F014F
:01C312002208
:10C34300E490095BF0A3F0A3F0A3F0A3F0A3F0A3A0
:10C35300F0900959F0900962F090095AF07F20900B
:0DC3630009A3E4F0A3DFFC12C59743AF0867
:01C3700022AA
:108B66007B017A07793112C2E2EF7003028C6390BF
:108B7600095AE0FF7009900731E0B442E3801CEF28
:108B8600B40129900731E0FFB44D0C9009A4F09090
:108B9600095A7402F080C9EFB4420A9009A3F09012
:108BA600095A028C5DE490095AF080B4900731E0CE
:108BB600FF90095AE024A3F582E43409F583EFF027
:108BC60090095AE004F0E0C394204094E4F0900742
:108BD60032F0A3F0FF74A32FF582E43409F583E0A5
:108BE600FD900733E02DF0900732E03400F00FEFF0
:108BF600B41EE29009A5E06003028B66A3E0641C44
:108C06006003028B669009C1E0FEA3E0FDEDFF90D4
:108C16000732E06E7003A3E06F6003028B66900973
:108C2600ADE0FEA3E0FDEDFF90095CEEF0A3EFF0F2
:108C36009009AFE0FEA3E0FDEDFF90095EEEF0A324
:108C4600EFF09009B1E0FEA3E0FDEDFF900960EEC4
:0D8C5600F0A3EFF090095B7401F0028B6653
:018C630022EE
:07CA1E007B017A09795B221C
:10C7C300E4900AC5F0A3F0A3F0A3F0A3F0A3F0A3B1
:06C7D300F0A3F0A3F02228
:10862100900ACCE0FEA3E0FFC3900B19E09FFF90FE
:108631000B18E09EFEC3EF94E8EE9403500302870B
:1086410040E0FFA3E0900ACCCFF0A3EFF090073910
:108651007401F0A3740AF0A374B9F0A3E4F0A37455
:1086610032F07B02E4FDFC7F0212B4BC900731EFD3
:10867100F07B017A0A79B9900739F0A37402F0FF0F
:0686810012A625EF604582
:10868700900ABCE0FEA3E0FDEDFF900732EEF0FCA0
:10869700A3EFF0900ABEA3E0900734F0D3ED94580F
:1086A700EC94025020E0FF9411501A900732E0FD3D
:1086B700A3E0900AC6CDF0A3EDF0A3EFF0900AC5B2
:0586C7007401F08005C4
:1086CC00E4900AC5F09007397401F0A3740AF0A382
:1086DC0074B9F0A3E4F0A37432F07B02E4FDFC7FE8
:1086EC000312B4BC900731EFF07B017A0A79B99090
:0F86FC000739F0A37402F07F0312A625EF603058
:10870B00900ABCE0FEA3E0FDEDFF900732EEF0A374
:10871B00EFF0D3940FEE940E5016900732E0FFA3B8
:10872B00E0900ACACFF0A3EFF0900AC97401F022CF
:05873B00E4900AC9F002
:018740002216
:07CA25007B017A0A79C522AA
:0EC96A00E4900AD6F0A3F0A3F0A3F0A3F0220D
:10A81000900AD9E0FEA3E0FFC3900B19E09FFF90E0
:10A820000B18E09EFEC3EF94E8EE9403500302A8D9
:10A83000B0E0FFA3E0900AD9CFF0A3EFF090073982
:10A840007401F0A3740AF0A374CEF0A3E4F0A3742F
:10A8500032F07B01E4FDFC7F0112B4BC7B017A0A7B
:10A8600079CE900739EFF0A37401F0FF12A625EF1F
:02A8700060394D
:10A87200900AD1E0FEA3E0FDEDFF900731EEF0A3D8
:10A88200EFF0C39464EE9400401F900731E0FEA302
:10A89200E0FFD394DCEE9405500F900AD7EEF0A3BC
:09A8A200EFF0900AD67401F022D7
:05A8AB00E4900AD6F064
:01A8B0002285
:07CA2C007B017A0A79D62292
:10C02A007365742061646472202D3E20007363611D
:10C03A006E20312E2E3234372040393630303A0DC8
:10C04A000A002020613D002072782800293A0073F6
:0BC05A0063616E20646F6E650D0A00CC
:10C8E20012C9DC12C5B87F807E257D007C0002BFA4
:01C8F20079CC
:0EAE5D0090073EEBF0A3EAF0A3E9F0A3EDF0BE
:10AE6B0074FFA3F0A3F0E4A3F0900741E0FF900779
:10AE7B0044E0FEC39F505B90073EE0FBA3E0FAA3C8
:10AE8B00E0F98E8275830012141CFF900742E0F0EC
:10AE9B00A3E06FF0E4FD900742E0FEA3E0FF30E09B
:10AEAB0019EEC313FEEF13FFEE64A0FEEF6401FF78
:10AEBB00900742EEF0A3EFF0800B900742E0C31334
:10AECB00F0A3E013F00DEDB408CC900744E004F0D0
:0AAEDB008097900742E0FEA3E0FF1D
:01AEE500224A
:0E8D600090073EEBF0A3EAF0A3E9F0A3EDF0DC
:108D6E00D2A6E4900748F0900741E0FF900748E054
:108D7E00FEC39F501F90073EE0FBA3E0FAA3E0F96D
:108D8E008E8275830012141CFF12C653900748E0A2
:108D9E0004F080D37F017E0012C39DC2A6E490072B
:108DAE0049F0900B18E0FFA3E090074ACFF0A3EF35
:108DBE008038900745E0FF900749E0C39F400302CB
:108DCE008E55127E71E58430E03212C94E90074204
:108DDE00E0FBA3E0FAA3E0F9900749E0F582758382
:108DEE0000EF12145B900749E004F0900B18E0FFBF
:108DFE00A3E090074CCFF0A3EFF080B690074AE0C7
:108E0E00FEA3E0FFC3900B19E09FFF900B18E09EAE
:108E1E00FED3900747E09F900746E09E40299007BB
:108E2E0049E0D39400408B90074CE0FEA3E0FF9006
:108E3E000B19E09FFF900B18E09EFEC3EF9405EE1A
:0C8E4E0094005003028DC0900749E0FF23
:018E5A0022F5
:0AB4BC00900736ECF0A3EDF0AC03AE
:10B4C600900A68EFF0A37403F0900736E0FAA3E061
:10B4D600FBEA900A6AF0A3EBF0E4A3F0A3ECF07B9E
:10B4E600017A0A79687D0612AE5D900A6EEFF0EE7B
:10B4F600A3F0900739E0F9A3E0FAA3E0900742C968
:10B50600F0A3EAF0A3E9F0EC25E02405A3F0900708
:10B516003CE0FFA3E0900746CFF0A3EFF07B017A73
:08B526000A79687D08028D60BE
:0BA62500900736EBF0A3EAF0A3E9F089
:10A6300090073AE025E0FE2405FD900739E0C39D30
:10A6400050037F0022900736E0FBA3E0FAA3E0F975
:10A65000121403B5071290000112141CB4030990E0
:10A66000000212141C6E60037F002290073AE0255E
:10A67000E02403FD12AE5D90073BEEF0A3EFF090F7
:10A680000736E0FBA3E0FAA3E0F990073AE0FD7596
:10A69000F002A42404F582E435F0F58312141CFEC4
:10A6A000900736A3A375F002EDA42403F582E435E8
:10A6B000F0F58312141CFDEDFF90073BE06E700374
:0AA6C000A3E06F60037F00227F011A
:01A6CA00226D
:05B2EA00900731EFF0B8
:10B2EF00900A7074FFF0A37406F0A304F0A374D057
:10B2FF00F0E4A3F0A3EFF07B017A0A79707D0612D8
:10B30F00AE5D900A76EFF0EEA3F0D2A6E49007328E
:10B31F00F0900732E0FFC39408501774702FF58236
:10B32F00E4340AF583E0FF12C653900732E004F0CD
:10B33F0080DF7F027E0012C39DC2A67BFF7AC07999
:10B34F002A12C82C900731E02430FF12C6D902C947
:01B35F00BF2E
:109F5B007BFF7AC0793712C82C9007317401F090CF
:109F6B000731E0FF700302A0059007397401F0A3DD
:109F7B00740AF0A37478F0A3E4F0A37450F07B029E
:109F8B00E4FDFC12B4BC900733EFF0D394004061B6
:109F9B007BFF7AC0794C12C82C900731E0FF12C5B9
:109FAB000A7BFF7AC0795112C82C900733E0FF7EF1
:109FBB000012B59F7BFF7AC0795612C82CE490072C
:109FCB0032F0900733E0FF900732E0C39F501F7FC2
:109FDB002012C6D9900732E02478F582E4340AF5D2
:109FEB0083E0FF12C50A900732E004F080D412C957
:109FFB00BF900731E004F0029F6A7BFF7AC079596A
:03A00B0002C82C5C
:10C73B002A2B2C3A3B3C3D3E5B5D7C223F7F0046E7
:08C74B0041543332202020008C
:10AC3500608008D9809A45418E418F8045454549B8
:10AC450049498E8F9092924F994F555559999A9B94
:10AC55009C9D9E9F41494F55A5A5A6A7A8A9AAAB0E
:10AC6500ACADAEAFB0B1B2B3B4B5B6B7B8B9BABBA7
:10AC7500BCBDBEBFC0C1C2C3C4C5C6C7C8C9CACB97
:10AC8500CCCDCECFD0D1D2D3D4D5D6D7D8D9DADB87
:10AC9500DCDDDEDFE0E1E2E3E4E5E6E7E8E9EAEB77
:10ACA500ECEDEEEFF0F1F2F3F4F5F6F7F8F9FAFB67
:04ACB500FCFDFEFFA5
:0DC31300E0FBA3E0FAA3E02443F9E43AFACA
:10C3200090000112141CFF9007D9E4F0A3EFF01263
:10C330001403FD9007DAE0FEEDFF9007D9EEF0A3BD
:02C34000EFF01C
:01C3420022D8
:0D885800E0FBA3E0FAA3E02450F9E43AFAB3
:0B8865009007DBEBF0A3EAF0A3E9F0C2
:1088700090000312141CFFE4FCFDFE9007DE1218AA
:108880006C90000212141CFFE4FCFDFEC004C00545
:10889000C006C0079007DEE0FCA3E0FDA3E0FEA356
:1088A000E0FF780812177BD003D002D001D000EF90
:1088B0004BFFEE4AFEED49FDEC48FC9007DE121836
:1088C0006C9007DBE0FBA3E0FAA3E0F99000011253
:1088D000141CFFE4FCFDFEC004C005C006C00790E8
:1088E00007DEE0FCA3E0FDA3E0FEA3E0FF780812B2
:1088F000177BD003D002D001D000EF4BFFEE4AFE31
:10890000ED49FDEC48FC9007DE12186C9007DBE0A7
:10891000FBA3E0FAA3E0F9121403FFE4FCFDFEC0A0
:1089200004C005C006C0079007DEE0FCA3E0FDA37D
:10893000E0FEA3E0FF780812177BD003D002D0013D
:10894000D000EF4BFFEE4AFEED49FDEC48FC9007EE
:10895000DE12186C9007DEE0FCA3E0FDA3E0FEA3AE
:02896000E0FF36
:0189620022F2
:09BEFE00A3A3E0FEA3E0FDAC06E5
:10BF07009007DBEBF0A3EAF0A3E9F09007DBE0FB97
:10BF1700A3E475F001121530A9F0FAED121449ECFB
:10BF2700FF9007DBE0FBA3E475F001121530A9F0E1
:05BF3700FAEF021449BD
:1095DE00F9E43AFA900781E0FCA3E0FDA3E0FEA3D4
:0295EE00E0FF9C
:1095F0009007DBEBF0A3EAF0A3E9F0A312186C905C
:1096000007DEA3A3A3E0FF9007DBE0FBA3E475F074
:1096100001121530A9F0FAEF1214499007DEE0FCB0
:10962000A3E0FDA3E0FEA3E0FF780812176890070F
:10963000DE12186C9007DEA3A3A3E0FF9007DBE027
:10964000FBA3E475F001121530A9F0FAEF121449EA
:109650009007DEE0FCA3E0FDA3E0FEA3E0FF7808B6
:109660001217689007DE12186C9007DEA3A3A3E020
:10967000FF9007DBE0FBA3E475F001121530A9F0C1
:10968000FAEF1214499007DEE0FCA3E0FDA3E0FE30
:10969000A3E0FF78081217689007DE12186C900795
:1096A000DEA3A3A3E0FF9007DBE0FBA3E475F001DA
:0A96B000121530A9F0FAEF02144978
:05CA4D00EFE4FEFF22F2
:05CA5200EFE4FEFF22ED
:08828400EBF0A3EAF0A3E9F01E
:0B828C009007E3EBF0A3EAF0A3E9F099
:10829700E4A3F09007E3E0FBA3E0FAA3E0F9900082
:1082A7000412141C70030283BE90000112141CFFF9
:1082B700C007E92430F9E43AFAC003C002C00190CC
:1082C70007E3A3E0FAA3E0F990001C1217AE9007AA
:1082D700EB12186C9007EFE4F0A304F0D001D00282
:1082E700D003D00712AEE6EF60030283B89007E32E
:1082F700E0FBA3E0FAA3E0F9900004E412145B901A
:10830700002412183CC000C001C002C0039007E35C
:10831700E0FBA3E0FAA3E0F990001C1217AED0032C
:10832700D002D001D000C3EF9BFFEE9AFEED99FD7E
:10833700EC98FC9007E3E0FBA3E0FAA3E0F99000D8
:108347001812183CD3121757406D9007E3E0FBA3B0
:10835700E0FAA3E0F990000312141C64027058902D
:10836700000112141CFFC007E92430F9E43AFAC0EF
:1083770003C002C0019007E3A3E0FAA3E0F990006D
:10838700181217AE90001C12183CEB2FFFEA3EFEA6
:10839700E93DFDE83CFC9007EB12186C9007EFE411
:1083A700F0A304F0D001D002D003D00712AEE680CC
:0C83B700069007E67401F09007E6E0FF76
:0183C3002297
:1096BA009007D6EB2FFFEA3EFEE93DFDE83CFCE0D1
:0796CA00FBA3E0FAA3E0F9A5
:0F96D1009007DBEBF0A3EAF0A3E9F0A312186C0B
:1096E000E49007E2F09007DBE0FBA3E0FAA3E0F9E7
:1096F00090001C1217AE9007DEE0F8A3E0F9A3E09B
:10970000FAA3E0FBC312175770030297909007DB90
:10971000E0FBA3E0FAA3E0F912828C9007E2EFF0FD
:10972000706E9007DBE0FBA3E0FAA3E0F990000184
:1097300012141CFFC007E92430F9E43AFA9007DE5E
:10974000E0FCA3E0FDA3E0FEA3E0FF9007E7121812
:109750006C9007EBE4F0A304F0D00712ADD2EF60F9
:10976000109007DE121878FFFFFFFF9007E27401E8
:10977000F09007DEE0FCA3E0FDA3E0FEA3E0FF9095
:1097800007DBE0FBA3E0FAA3E0F990001C1217F856
:059790009007E2E0FF7C
:0197950022B1
:03788B0090075C07
:10788E0012828490075FEFF06003027A0590075C26
:10789E00E0FBA3E0FAA3E0F990000512141C6401CA
:1078AE0060030279DF90000512145B121403640367
:1078BE0060030279DF7E02FFFD90075CE0FBA3E030
:1078CE00FAA3E02430F9E43AFA121BC290075CE006
:1078DE00FBA3E0FAA3E02430F9E43AFA7F527E5299
:1078EE007D617C411295F090075CE0FBA3E0FAA36A
:1078FE00E02414F9EA3402FA7F727E727D417C61D3
:10790E001295F090075CE0FBA3E0FAA3E02418F9CF
:10791E00EA3402FAC002C00190075CA3E0FAA3E0C9
:10792E00F99000101217AED001D0021295F0900708
:10793E005CE0FBA3E0FAA3E0241CF9EA3402FAC0EF
:10794E0002C00190075CA3E0FAA3E0F990000C12CC
:10795E0017AED001D0021295F090075CE0FBA3E0C9
:10796E00FAA3E0242CF9EA3402FA7F007E007D555A
:10797E007CAA1295F090075CE0FBA3E0FAA3E0F975
:10798E0090000112141CFFC007E92430F9E43AFA02
:10799E00C003C002C00190075CA3E0FAA3E0F99017
:1079AE0000201217AEEF2401FFE43EFEE43DFDE49D
:1079BE003CFC90001C1217F89007EB12186C900705
:1079CE00EFE4F0A304F0D001D002D003D00712AE42
:1079DE00E690075CE0FBA3E0FAA3E0F99000011249
:1079EE00141CFF7B007A007900E4FD12C17CEF606D
:0C79FE000690075F7401F090075FE0FF47
:017A0A002259
:109C7A00E0FBA3E0FAA3E0A3F9E0FCA3E0FDA3E084
:049C8A00FEA3E0FF56
:109C8E009007C812186C9007C5EBF0A3EAF0A3E991
:109C9E00F0A3E0FCA3E0FDA3E0FEA3E0C39402FF6B
:109CAE00EE9400FEED9400FDEC9400FC9007C812BB
:109CBE00186C9000141217AEEF24FEFFEE34FFFE68
:109CCE00ED34FFFDEC34FFFC9007C8E0F8A3E0F99B
:109CDE00A3E0FAA3E0FBC31217574006E4FFFEFD14
:109CEE00FC229007C5E0FBA3E0FAA3E0F990000A7E
:109CFE00121571FFAEF0E4FCFD9007C8E0F8A3E08A
:109D0E00F9A3E0FAA3E0FB12162D9007C5E0FBA322
:109D1E00E0FAA3E0F990002C12183CEF2BFFEE3A7C
:089D2E00FEED39FDEC38FC22CA
:105BE9009007B3E0FBA3E0FAA3E09007BEF9E0FC5D
:095BF900A3E0FDA3E0FEA3E0FF20
:065C02009007CA12186CA5
:105C08001218F39007D6EBF0A3EAF0A3E9F0E47FCB
:105C180002FEFDFC9007CAE0F8A3E0F9A3E0FAA3AE
:105C2800E0FBC312175740259007D6E0FBA3E0FA24
:105C3800A3E0F99000141217AE9007CAE0F8A3E0A9
:105C4800F9A3E0FAA3E0FBC31217574003025EBDB5
:105C58009007D2121878FFFFFFFF9007D6E0FBA34A
:105C6800E0FAA3E0F912140324FE7003025DAC14F9
:105C78007003025E3324026003025EBD9007CAA36C
:105C8800A3E0FFA3E09007D0CFF0A3EFF09007D0F8
:105C9800E0C313FEA3E013FFE02FF09007D0E03E2F
:105CA800F0C003C002C0019007D6E0FBA3E0FAA34E
:105CB800E0F99000241217AEC006C0079007D0E0A4
:105CC800C313FBD007D006EB2FFFE43EFEE43DFDF7
:105CD800E43CFCD001D002D0031296D1EF6003025D
:105CE8005EC79007D6E0FBA3E0FAA3E02430F9E40E
:105CF8003AFA9007D0E475F0011215305401FEE924
:105D080025F0F9EA3EFA121403FF9007CEE4F0A357
:105D1800EFF09007D6E0FBA3E0FAA3E0F9900024A7
:105D28001217AEC006C0079007D0E0C313FBD00718
:105D3800D006EB2FFFE43EFEE43DFDE43CFC90077B
:105D4800D6E0FB1296D1EF6003025EC79007D6E05B
:105D5800FBA3E0FAA3E02430F9E43AFA9007D0E094
:105D68005401FEA3E029F9EA3EFA121403FE900753
:105D7800CEE04EF0A3E0F09007CAA3A3A3E054013D
:105D8800FFEF6013A3E0C4F854F0C868FEA3E0C4B2
:105D9800540F48FF025E2D9007CEE0540FFEA3E09B
:105DA800FF025E2D9007D6E0FBA3E0FAA3E0F9908E
:105DB80000241217AEC004C005C006C007E4FB7A71
:105DC80001F9F89007CAE0FCA3E0FDA3E0FEA3E018
:105DD800FF1216B8A804A905AA06AB07D007D00673
:105DE800D005D0041296BAEF6003025EC77F02FEA8
:105DF800FDFC9007CAE0F8A3E0F9A3E0FAA3E0FBF2
:105E080012162DEE5401FEE4FD9007D6E0FBA3E048
:105E1800FAA3E02430F9E43AFAE92FF9EA3EFAED78
:105E28003BFB12C320E4FCFD025EB59007D6E0FB05
:105E3800A3E0FAA3E0F99000241217AEC004C0054D
:105E4800C006C007E47B80FAF9F89007CAE0FCA313
:105E5800E0FDA3E0FEA3E0FF1216B8A804A905AA76
:105E680006AB07D007D006D005D0041296BAEF705B
:105E78004E7F04FEFDFC9007CAE0F8A3E0F9A3E01A
:105E8800FAA3E0FB12162DEE5401FEE4FD9007D6AE
:105E9800E0FBA3E0FAA3E02430F9E43AFAE92FF9A9
:105EA800EA3EFAED3BFB128865EC540FFC9007D2F2
:105EB80012186C800A9007D212187800000001901E
:0D5EC80007D2E0FCA3E0FDA3E0FEA3E0FF95
:015ED50022AA
:0B519700E0FCA3E0FDA3E0FEA3E0FFAE
:0F51A2009007CAEBF0A3EAF0A3E9F0A312186C90
:1051B1009007DA7402F0E47F02FEFDFC9007CDE077
:1051C100F8A3E0F9A3E0FAA3E0FBC31217575003D9
:1051D1000255669007CAE0FBA3E0FAA3E0F990004C
:1051E100141217AE9007CDE0F8A3E0F9A3E0FAA3FB
:1051F100E0FBC312175740030255669007CAE0FB54
:10520100A3E0FAA3E0F912140324FE70030253D6BB
:10521100147003025464240260030255669007CDA2
:10522100A3A3E0FFA3E09007D5CFF0A3EFF0900791
:10523100D5E0C313FEA3E013FFE02FF09007D5E004
:105241003EF0C003C002C0019007CAE0FBA3E0FA30
:10525100A3E0F99000241217AEC006C0079007D54D
:10526100E0C313FBD007D006EB2FFFE43EFEE43D85
:10527100FDE43CFCD001D002D0031296D19007DAB4
:10528100EFF060030255669007CAE0FBA3E0FAA3C2
:10529100E02430F9E43AFA9007D5E475F0011215EB
:1052A100305401FEE925F0F9EA3EFA9007D7EBF018
:1052B100A3EAF0A3E9F09007CDA3A3A3E05401FF73
:1052C100E4FEFDFCEF601DA3A3A3A3E0C454F0FF23
:1052D1009007D7E0FBA3E0FAA3E0F9121403540FFF
:1052E1004FFF80089007D1A3A3A3E0FF9007D7E069
:1052F100FBA3E0FAA3E0F9EF1214499007CAE0FB1F
:10530100A3E0FAA3E0F9900004740112145BC00356
:10531100C002C0019007CAE0FBA3E0FAA3E0F99044
:1053210000241217AEC006C0079007D5E0C313FBD7
:10533100D007D006EB2FFFE43EFEE43DFDE43CFC4C
:10534100D001D002D0031296D19007DAEFF06003BA
:105351000255669007CAE0FBA3E0FAA3E02430F906
:10536100E43AFA9007D5E05401FEA3E029F9EA3EB8
:10537100FAA3EBF0A3EAF0A3E9F09007CDA3A3A36E
:10538100E05401FFEF6013A3E0FCA3E0FDA3E0FE06
:10539100A3E0FF780412176880299007D1E0FCA3ED
:1053A100E0FDA3E0FEA3E0FF7808121768EF540FB9
:1053B100FF9007D7E0FBA3E0FAA3E0F9121403542E
:1053C100F04FFF9007D7E0FBA3E0FAA3E0F9EF125B
:1053D10014490255539007CAE0FBA3E0FAA3E0F990
:1053E1009000241217AEC004C005C006C007E4FB3C
:1053F1007A01F9F89007CDE0FCA3E0FDA3E0FEA35C
:10540100E0FF1216B8A804A905AA06AB07D007D079
:1054110006D005D0049007CA1296BD9007DAEFF0C6
:1054210060030255667F02FEFDFC9007CDE0F8A304
:10543100E0F9A3E0FAA3E0FB12162DEE5401FEE41D
:10544100FD9007CAE0FBA3E0FAA3E02430F9E43AB7
:10545100FAE92FF9EA3EFAED3BFB9007D112BEFEC5
:105461000255539007CAE0FBA3E0FAA3E0F99000CC
:10547100241217AEC004C005C006C007E47B80FA41
:10548100F9F89007CDE0FCA3E0FDA3E0FEA3E0FF67
:105491001216B8A804A905AA06AB07D007D006D0F2
:1054A10005D004EB2FFFEA3EFEE93DFDE83CFC9010
:1054B10007CA1296C99007DAEFF060030255667FBA
:1054C10004FEFDFC9007CDE0F8A3E0F9A3E0FAA308
:1054D100E0FB12162DEE5401FEE4FD9007CAE0FB3D
:1054E100A3E0FAA3E02430F9E43AFAE92FF9EA3E1D
:1054F100FAED3BFB128865EC54F0F89007D1E0FC23
:10550100A3E0FDA3E0FEA3E0FFEC540FFCEC48FC9C
:105511009007D112186CE47F04FEFDFC9007CDE0EA
:10552100F8A3E0F9A3E0FAA3E0FB12162DEE540173
:10553100FEE4FD9007CAE0FBA3E0FAA3E02430F902
:10554100E43AFAE92FF9EA3EFAED3BFB9007D11272
:1055510095E59007CAE0FBA3E0FAA3E0F990000407
:0A556100740112145B9007DAE0FFFA
:01556B00221D
:1070120090079412186C900791EBF0A3EAF0A3E9A1
:01702200F07D
:10702300E490079CF01218F39007A1EBF0A3EAF0A9
:10703300A3E9F0E47F02FEFDFC900794E0F8A3E0EF
:10704300F9A3E0FAA3E0FBC312175740259007A169
:10705300E0FBA3E0FAA3E0F99000141217AE900747
:1070630094E0F8A3E0F9A3E0FAA3E0FBC3121757F7
:1070730040037F0222E4FFFEFDFC900798E0F8A3A3
:10708300E0F9A3E0FAA3E0FBC312175760259007CA
:10709300A1E0FBA3E0FAA3E0F99007D1121878FF6F
:1070A300FFFFFF90079812519790079CEFF0600342
:1070B300E0FF22900791E0FBA3E0FAA3E0A3125BB9
:1070C300F690079D12186CE4FFFEFDFC90079DE00F
:1070D300F8A3E0F9A3E0FAA3E0FBC3121757700388
:1070E3000271DCE47F01FEFDFC90079DE0F8A3A3A1
:1070F300A3E0C312175770037F022274FFFFFEFD44
:10710300FC90079DE0F8A3E0F9A3E0FAA3E0FBC33A
:1071130012175770037F01229007A1E0FBA3E0FA47
:10712300A3E0F99007D112187800000000900794AB
:1071330012519790079CEFF06003E0FF229007A1A4
:10714300E0FBA3E0FAA3E0F99000141217AEEF24DA
:10715300FEFFEE34FFFEED34FFFDEC34FFFC900048
:107163001012183CC312175750339007A1E0FBA32A
:10717300E0FAA3E0F99000101217AEEF2401FFE448
:107183003EFEE43DFDE43CFC9000101217F8E924B8
:1071930005F9E43AFA121403440112144990079DC5
:1071A300E0FCA3E0FDA3E0FEA3E0FF900794121828
:1071B3006C9007A1E0FBA3E0FAA3E0F9900014129E
:1071C30017AE900794E0F8A3E0F9A3E0FAA3E0FB7D
:0B71D300C312175750030270B67F0074
:0171DE00228E
:104CBA009007B612186C9007B3EBF0A3EAF0A3E9D9
:014CCA00F0F9
:104CCB001218F39007C7EBF0A3EAF0A3E9F0E4FFA7
:104CDB00FEFDFC9007B6E0F8A3E0F9A3E0FAA3E031
:104CEB00FBC312175770659007C7E0FBA3E0FAA34D
:104CFB00E0F990000C1217AE9007C212186CE4FF8B
:104D0B00FEFDFC9007C2E0F8A3E0F9A3E0FAA3E0F4
:104D1B00FBC312175760289007C7E0FBA3E0FAA369
:104D2B00E0F99000141217AE9007C2E0F8A3E0F977
:104D3B00A3E0FAA3E0FBC31217575003024DE59013
:104D4B0007C212187800000001024DE59007B3E08E
:104D5B00FBA3E0FAA3E0F9A3125BF79007BA1218D2
:104D6B006CE47F02FEFDFC9007BAE0F8A3E0F9A328
:104D7B00E0FAA3E0FBC31217575006E47F01025081
:104D8B006774FFFFFEFDFC9007BAE0F8A3E0F9A300
:104D9B00E0FAA3E0FBC3121757700302503B9007D6
:104DAB00C7E0FBA3E0FAA3E0F99000141217AE9052
:104DBB0007BAE0F8A3E0F9A3E0FAA3E0FBC31217EC
:104DCB0057500302503B9007B6E0FCA3E0FDA3E075
:104DDB00FEA3E0FF9007C212186C9007C7E0FBA37D
:104DEB00E0FAA3E0F99000101217AEE4FBFAF9F821
:104DFB00C31217577004FF0250679007BE12187842
:104E0B00000000009007B6E0FCA3E0FDA3E0FEA3CA
:104E1B00E0FF9007C2E0F8A3E0F9A3E0FAA3E0FB00
:104E2B00C31217576003024F4A9007C2E0FCA3E07E
:104E3B00FDA3E0FEA3E02401FFE43EFEE43DFDE420
:104E4B003CFC9007BE12186C9007C7E0FBA3E0FA7E
:104E5B00A3E0F99000141217AE9007BEE0F8A3E0A0
:104E6B00F9A3E0FAA3E0FBC3121757400A9007BE61
:104E7B0012187800000002125BE99007BA12186C46
:104E8B00E47F01FEFDFC9007BAE0F8A3E0F9A3E094
:104E9B00FAA3E0FBC3121757601574FFFFFEFDFC6E
:104EAB009007BAE0F8A3A3A3E0C31217577003024D
:104EBB00503BE4FFFEFDFC9007BAE0F8A3E0F9A33A
:104ECB00E0FAA3E0FBC312175760749007C7E0FB2F
:104EDB00A3E0FAA3E0F990000C1217AE9007BA12F8
:104EEB00186CE47F02FEFDFC9007BAE0F8A3E0F932
:104EFB00A3E0FAA3E0FBC312175740399007C7E0B2
:104F0B00FBA3E0FAA3E0F99000141217AE9007BAD6
:104F1B00E0F8A3E0F9A3E0FAA3E0FBC312175750A4
:104F2B00149007BAE0FCA3E0FDA3E0FEA3E0FF9022
:104F3B0007C212186C9007BE12187800000000E42C
:104F4B00FFFEFDFC9007BEE0F8A3E0F9A3E0FAA397
:104F5B00E0FBC3121757600302506B9007C2E0FCD3
:104F6B00A3E0FDA3E0FEA3E0FF9007BE12186C9038
:104F7B0007BEE0FCA3E0FDA3E0FEA3E02401FFE4F9
:104F8B003EFEE43DFDE43CFC9007BE12186C90071E
:104F9B00C7E0FBA3E0FAA3E0F99000141217AE9060
:104FAB0007BEE0F8A3E0F9A3E0FAA3E0FBC31217F6
:104FBB005740319007BE121878000000029007C2CC
:104FCB00E0FCA3E0FDA3E0FEA3E0FF9007BEE0F84A
:104FDB00A3E0F9A3E0FAA3E0FBD31217574005E4D3
:104FEB00FF025067125BE99007BA12186CE4FFFEE0
:104FFB00FDFC9007BAE0F8A3E0F9A3E0FAA3E0FB0D
:10500B00C3121757605AE47F01FEFDFC9007BAE00C
:10501B00F8A3A3A3E0C3121757601574FFFFFEFD9F
:10502B00FC9007BAE0F8A3A3A3E0C31217577006CE
:10503B009007BA02518B9007C2E0FCA3E0FDA3E0FE
:10504B00FEA3E0FF9007BEE0F8A3E0F9A3E0FAA30C
:10505B00E0FBC31217576003024F7AFFFEFDFC22E1
:10506B009007C7E0FBA3E0FAA3E0F99007D1121871
:10507B0078FFFFFFFF9007BE1251979007C6EFF026
:10508B007042FFFEFDFC9007B6E0F8A3E0F9A3E049
:10509B00FAA3E0FBC3121757602A9007C7E0FBA3E4
:1050AB00E0FAA3E0F99007BEE0FCA3E0FDA3E0FE6D
:1050BB00A3E0FF9007D112186C9007B6125197908E
:1050CB0007C6EFF09007C6E060030251709007BE71
:1050DB00E0FCA3E0FDA3E0FEA3E0FF9007C7E0FB2D
:1050EB00A3E0FAA3E0F990000C1217F8900010124D
:1050FB0017AEE4FBFAF9F8C31217574003025188B5
:10510B009007C7E0FBA3E0FAA3E0F9900014121795
:10511B00AEEF24FEFFEE34FFFEED34FFFDEC34FF6B
:10512B00FC90001012183CD312175750509007C721
:10513B00E0FBA3E0FAA3E0F99000101217AEEF2406
:10514B00FFFFEE34FFFEED34FFFDEC34FFFC90006F
:10515B00101217F8E92405F9E43AFA121403440182
:10516B0012144980189007C6E0B4010574FFFF8044
:10517B0003E47F01FEFDFC9007BE12186C9007BE86
:0B518B00E0FCA3E0FDA3E0FEA3E0FFBA
:0151960022F6
:0984FA009007B612186C9007B34C
:10850300128284EF60037F01229007B3129C7A905A
:1085130007BA12186C9007BAE0FCA3E0FDA3E0FED3
:10852300A3E0FF9007B3E0FBA3E0FAA3E0F9900018
:108533001C1217F87E027F007D00E92430F9E43A2B
:10854300FA121BC29007B3E0FBA3E0FAA3E02430C6
:10855300F9E43AFA9007C2EBF0A3EAF0A3E9F0904A
:1085630007C0E4F0A304F0E49007BEF0A3F0900783
:10857300B3E0FBA3E0FAA3E0F990000A121571FF40
:10858300C39007BFE09F9007BEE095F0506B90004B
:108593000112141CFFC0079007BEE0FEA3E0FFE436
:1085A300FCFD9007BAE0F8A3E0F9A3E0FAA3E02FFB
:1085B300FFEA3EFEED39FDEC38FC9007EB12186C38
:1085C3009007C0E0FFA3E09007EFCFF0A3EFF09098
:1085D30007C2E0FBA3E0FAA3E0F9D00712AEE6EF8F
:1085E30070179007C0E0FEA3E0FF9007BFE02FF0F5
:1085F3009007BEE03EF00285719007B3E0FBA3E075
:10860300FAA3E0F990000A121571FF9007BEE0B5D6
:0D861300F009A3E0B507047F0080027F019D
:018620002237
:1058D000E0FBA3E0FAA3E0F97F007E007D007C00FE
:1058E0009007A612186C9007A3EBF0A3EAF0A3E9C7
:0158F000F0C7
:1058F1001218F39007B2EBF0A3EAF0A3E9F0E4FF8A
:10590100FE7D20FC9007A6E0F8A3E0F9A3E0FAA34E
:10591100E0FBC3121757500D9007A6A3A3A3E054B1
:105921001FFFEF60037F02229007A6E0FCA3E0FDCA
:10593100A3E0FEA3E0FF9007A3E0FBA3E0FAA3E04E
:10594100F990000F1217F89000071217AE9007AEEA
:1059510012186CE4FFFEFDFC9007AEE0F8A3E0F93D
:10596100A3E0FAA3E0FBC3121757701F9007B2E040
:10597100FBA3E0FAA3E0F9121403C39403400C90D3
:1059810000281217AE9007AE12186CE4FFFEFDFC62
:105991009007AEE0F8A3E0F9A3E0FAA3E0FBC3129D
:1059A100175770629007B2E0FBA3E0FAA3E0F99009
:1059B1000008121571FFAEF0E4FCFDC004C005C083
:1059C10006C0077B20FAF9F89007A6E0FCA3E0FDEA
:1059D100A3E0FEA3E0FF1216B8A804A905AA06AB2E
:1059E10007D007D006D005D004C312175740037F54
:1059F10002229007B2E0FBA3E0FAA3E0F9900028AD
:105A01001217AE025B039007B2E0FBA3E0FAA3E03A
:105A1100F990000A121571FFAEF07C027D00121997
:105A2100EB9007AA025AED9007AAE0FCA3E0FDA3C0
:105A3100E0FEA3E0FF9007A6E0F8A3E0F9A3E0FAF7
:105A4100A3E0FBC31217575003025AF39007A3E0D8
:105A5100FBA3E0FAA3E0F99007AE125BF79007AE63
:105A610012186C74FFFFFEFDFC9007AEE0F8A3E096
:105A7100F9A3E0FAA3E0FBC312175770037F0122D9
:105A8100E47F02FEFDFC9007AEE0F8A3E0F9A3E09D
:105A9100FAA3E0FBC312175740259007B2E0FBA31E
:105AA100E0FAA3E0F99000141217AE9007AEE0F807
:105AB100A3E0F9A3E0FAA3E0FBC312175740037F69
:105AC10002229007A6E0FCA3E0FDA3E0FEA3E0FF15
:105AD100A3E0F8A3E0F9A3E0FAA3E0FBC3EF9BFF87
:105AE100EE9AFEED99FDEC98FC9007A612186C0257
:105AF1005A289007B2E0FBA3E0FAA3E09007AE12A8
:105B01009C829007A3E0FBA3E0FAA3E0F9900017C1
:105B11001217F89007AEE0FCA3E0FDA3E0FEA3E0BE
:105B2100FF9007A3E0FBA3E0FAA3E0F990001312B2
:105B310017F89000171217AEE4FBFAF9F8C3121721
:105B41005770037F02229007A3E0FBA3E0FAA3E0D2
:105B51002417F9E43AFAC003C002C00112178EC03B
:105B610004C005C006C007E4FB7A02F9F89007A655
:105B7100E0FCA3E0FDA3E0FEA3E0FF1216B8A80439
:105B8100A905AA06AB07D007D006D005D004EF2B94
:105B9100FFEE3AFEED39FDEC38FCD001D002D00326
:105BA1001217DE9007B2E0FBA3E0FAA3E02430F97C
:105BB100E43AFA9007A6E0FCA3A3E0FEA3E0FFEE1F
:105BC1005401FEE4FDE92FF9EA3EFAED3BFBC00387
:105BD100C002C0019007A3E0FBA3E0FAA3E0F990A3
:075BE100001B1219927F0066
:015BE800229A
:0B556C00E0FBA3E0FAA3E0F9E4FDFC83
:105577009007A6ECF0A3EDF09007A3EBF0A3EAF0F9
:03558700A3E9F0A5
:10558A001218F39007B0EBF0A3EAF0A3E9F0900742
:10559A00A3E0FBA3E0FAA3E0F990000F1217AEEF25
:1055AA002420FFE43EFEE43DFDE43CFC9007A81203
:1055BA00186CE4FFFE7D20FC9007A8E0F8A3E0F950
:1055CA00A3E0FAA3E0FBC312175740159007A3E024
:1055DA00FBA3E0FAA3E0F99000171218C300000039
:1055EA00009007A3E0FBA3E0FAA3E0F990001712EA
:1055FA0017AEE4FBFAF9F8C312175770037F0422B7
:10560A009007A8A3A3E0FEA3E0FFEE5401FEE4FD89
:10561A00FCFBFAF9F8C3121757600302587890078F
:10562A00A3E0FBA3E0FAA3E0F99000171217AEEF8C
:10563A002401FFE43EFEE43DFDE43CFC9000171229
:10564A0017F89000131217AEE4FBFAF9F8C3121711
:10565A005770519007B0E0FBA3E0FAA3E0F990007D
:10566A0008121571FFAEF0E4FCFDC004C005C006C7
:10567A00C0077B20FAF9F89007A8E0FCA3E0FDA395
:10568A00E0FEA3E0FF1216B8A804A905AA06AB0714
:10569A00D007D006D005D004C312175750030258BA
:1056AA00780257909007B0E0FBA3E0FAA3E0F990E4
:1056BA00000A12157124FFFFE5F034FFFEE4FCFD39
:1056CA00C004C005C006C007FB7A02F9F89007A813
:1056DA00E0FCA3E0FDA3E0FEA3E0FF1216B8D003AE
:1056EA00D002D001D000EF5BFFEE5AFEED59FDEC7F
:1056FA0058FCE4FBFAF9F8C312175760030258780A
:10570A009007A3E0FBA3E0FAA3E0F99000131217B5
:10571A00AE125C029007AC12186CE47F01FEFDFC2D
:10572A009007ACE0F8A3E0F9A3E0FAA3E0FBD312F8
:10573A00175750037F022274FFFFFEFDFC9007AC4F
:10574A00E0F8A3E0F9A3E0FAA3E0FBC3121757704D
:10575A00037F01229007B0E0FBA3E0FAA3E0F990EF
:10576A0000141217AE9007ACE0F8A3E0F9A3E0FA30
:10577A00A3E0FBC3121757500302583A9007A6E05A
:10578A007002A3E070189007A3E0FBA3E0FAA3E07D
:10579A00F99000171218C3000000007F0422900736
:1057AA00A3E0FBA3E0FAA3E0F99000131217AE12EC
:1057BA004CBA9007AC12186CE4FFFEFDFC9007ACE3
:1057CA00E0F8A3E0F9A3E0FAA3E0FBC312175770CD
:1057DA00037F0722E47F01FEFDFC9007ACE0F8A3FB
:1057EA00E0F9A3E0FAA3E0FBC312175770037F02A4
:1057FA002274FFFFFEFDFC9007ACE0F8A3E0F9A3DA
:10580A00E0FAA3E0FBC312175770037F0122900747
:10581A00B0E0FBA3E0FAA3E0F99007ACE0FCA3E058
:10582A00FDA3E0FEA3E0FF1284FAEF60037F0122EA
:10583A009007ACE0FCA3E0FDA3E0FEA3E0FF900725
:10584A00A3E0FBA3E0FAA3E0F99000131217F89083
:10585A0007B0E0FBA3E0FAA3E0F9129C8E9007A33D
:10586A00E0FBA3E0FAA3E0F99000171217F89007FB
:10587A00A8E0FCA3E0FDA3E0FEA3E0FF9007A3E0FD
:10588A00FBA3E0FAA3E0F990000F1217F89007B013
:10589A00E0FBA3E0FAA3E02430F9E43AFAEE54017B
:1058AA00FEE4FDE92FF9EA3EFAED3BFBC003C00234
:1058BA00C0019007A3E0FBA3E0FAA3E0F990001B64
:0558CA001219927F009D
:0158CF0022B6
:109DF20090079BECF0A3EDF0900798EBF0A3EAF04C
:039E0200A3E9F0E1
:109E05001218F39007A0EBF0A3EAF0A3E9F090078E
:109E1500981258D090079DEFF07077A3F0A3F090BB
:109E25000798E0FBA3E0FAA3E0F99000171217AE3C
:109E35009007A01296C990079DEFF070559007986E
:109E4500E0FBA3E0FAA3E0F990001B1219621214DB
:109E550003FF64E56003EF701990079EE475F00158
:109E650012151AFE90079BE0B5060EA3E0B5F009A2
:109E75008020E490079EF0A3F0900798E0FBA3E014
:109E8500FAA3E0F97D017C0012557790079DEFF06C
:109E9500608D90079DE0B404037407F090079DE082
:019EA500FFBD
:019EA6002299
:10A57D0090076FE0F9A3E0FAA3E090079FC9F0A35D
:10A58D00EAF0A3E9F090077EE0FBA3E0FAA3E0F97F
:0BA59D0090079CEBF0A3EAF0A3E9F0AC
:10A5A800A3E0FBA3E0FAA3E0241A12C31CE4FCFD19
:10A5B8009007A212186C90079CE0FBA3E0FAA3E0B6
:10A5C800F9121403B403479007A2E0F8A3E0F9A333
:10A5D800E0FAA3E0FBC000C001C002C00390079FDF
:10A5E800E0FBA3E0FAA3E0241412C31CE4FCFD780A
:10A5F8001012177BD003D002D001D000EB4FFFEA36
:10A608004EFEE94DFDE84CFC9007A212186C90072D
:0CA61800A2E0FCA3E0FDA3E0FEA3E0FF35
:01A624002213
:10B96600900791EBF0A3EAF0A3E9F0A3E0FBA3E0D4
:10B97600FAA3E0241AF9E43AFAA312BEFE9007915C
:10B98600E0FBA3E0FAA3E0F9121403B4032890073E
:10B9960094E0FBA3E0FAA3E02414F9E43AFAA3E066
:10B9A600FCA3E0FDA3E0FEA3E0FF7810121768AD4C
:07B9B60007AC0612BF0722D7
:10896300900AF3ECF0A3EDF0900AF0EBF0A3EAF039
:03897300A3E9F085
:10897600900AF57404F01218F3900AF6EBF0A3EAE5
:10898600F0A3E9F0900AF0E0FBA3E0FAA3E0F99087
:1089960000171217AEEC4D4E4F7003028A48900A2C
:1089A600F0A3A3E09000171217AE900AF61296C92C
:1089B600900AF5EFF06003028A48900AF0E0FBA304
:1089C600E0FAA3E0F990001B121962121403FF707B
:1089D60008900AF57404F08069900AF0E0FBA3E0C1
:1089E600FAA3E0F990001B12196290000B12141CF6
:1089F600543FFE900AF0E0FBA3E0FAA3E0F99000F2
:108A060005EE12145BEF64E56028EF642E6023EE3A
:108A1600640F601EAF06EF54DF64087005FE7F0129
:108A260080047E007F00900AF3E06E7003A3E06F7F
:108A36006010E4FDFC125577900AF5EFF070030222
:108A4600898A900AF5E0FF6015900AF0E0FBA3E042
:0E8A5600FAA3E0F99000171218C30000000008
:018A640022EF
:0B904E0090079CEBF0A3EAF0A3E9F010
:109059001218F39007A0EBF0A3EAF0A3E9F0900748
:109069009C1258D090079FEFF06003E0FF22900711
:109079009CE0FBA3E0FAA3E0F99000171217AE9069
:1090890007A01296C990079FEFF0600302913E90E6
:10909900079CE0FBA3E0FAA3E0F990001B12196218
:1090A900121403FF700990079F7404F002913E9017
:1090B900079CE0FBA3E0FAA3E0F990001B121962F8
:1090C90090000B12141C543FFF90079CE0FBA3E097
:1090D900FAA3E0F9900005EF12145B90001B121936
:1090E9006290000B12141C20E33B90079CE0FBA349
:1090F900E0FAA3E0241EF9E43AFAC003C002C00171
:1091090090079CA3E0FAA3E0F990001B121962A84A
:1091190001AC02AD03D001D002D0037E007F0B1257
:109129001B9EEF601090079C12556C90079FEFF003
:0A913900700302907790079FE0FF9B
:019143002209
:0B9D3600900791EBF0A3EAF0A3E9F026
:109D41001218F3900795EBF0A3EAF0A3E9F090075E
:109D510091E0FBA3E0FAA3E0F97D017C00129DF202
:109D6100900794EFF06003029DEC900791E0FBA354
:109D7100E0FAA3E0F99000171217AE90079512963A
:109D8100C9900794EFF07063FE7F20FD900791E08A
:109D9100FBA3E0FAA3E0F990001B121962121BC2A7
:109DA100900791E0FBA3E0FAA3E0241EF9E43AFA5C
:109DB100C003C002C001900791A3E0FAA3E0F990AB
:109DC100001B121962A801AC02AD03D001D002D070
:109DD100037E007F0B1213DD900795E0FBA3E0FAF1
:109DE100A3E0F9900004740112145B900794E0FF62
:019DF100224F
:0B73AA00900ADBEBF0A3EAF0A3E9F08F
:1073B500A3E0FBA3E0FAA3E0F9900009E412145B53
:1073C500900ADBE0FBA3E0FAA3E0F990001712179F
:1073D500AEE4FBFAF9F8C3121757700302755FE4C0
:1073E500900AE3F0A3F0900AE1F0A3F0C3900AE25B
:1073F500E0940B900AE1E094004003027498900A2F
:10740500DBE0FBA3E0FAA3E0F990001B1219629000
:107415000AE1E475F00112153085F082F583121446
:107425001C900AE5F0E0FF642060C1EFB405037429
:10743500E5F0900AE1E07004A3E064097027900A82
:10744500DEE0FBA3E0FAA3E02409F9E43AFA900AA6
:10745500E3E475F001121530FEE925F0F9EA3EFA8C
:10746500742E121449900AE5E0FF900ADEE0FBA3B2
:10747500E0FAA3E02409F9E43AFA900AE3E475F0A6
:1074850001121530FCE925F0F9EA3CFAEF1214492E
:107495000273F1900ADEE0FBA3E0FAA3E02409F908
:1074A500E43AFA900AE3E0FEA3E029F9EA3EFAE4B9
:1074B500121449900ADBE0FBA3E0FAA3E0F990007F
:1074C5001B12196290000B12141C543FFF900ADE28
:1074D500E0FBA3E0FAA3E0F9900008EF12145B903B
:1074E5000ADBE0FBA3E0FAA3E0F990001B121962A6
:1074F500E9241C128861900ADEE0FBA3E0FAA3E010
:10750500F91217DE900ADBE0FBA3E0FAA3E0F9909D
:10751500001B121962E9241612C31C900ADEE0FB57
:10752500A3E0FAA3E0F9900006EE8FF012160090A2
:107535000ADBE0FBA3E0FAA3E0F990001B12196255
:10754500E9241812C31C900ADEE0FBA3E0FAA3E0CD
:0A755500F9900004EE8FF01216000A
:01755F002209
:0B61AD0090079CEBF0A3EAF0A3E9F0E0
:1061B800A3E0FBA3E0FAA3E0F91218F39007ADEB14
:1061C800F0A3EAF0A3E9F090079CE0FBA3E0FAA3B0
:1061D800E0241EF9E43AFA9007A4EBF0A3EAF0A34E
:1061E800E9F07E007F0B7D20121BC2E49007ABF024
:1061F800A3F09007A9F0A3F09007A7F0A37408F004
:106208009007ADE0FBA3E0FAA3E0F99007A9E475D5
:10621800F00112153085F082F58312141C9007A244
:10622800F0E0FFD3942050030263A4EF642F6004CE
:10623800EFB45C369007ADE0FBA3E0FAA3E0F99079
:1062480007A9E0FEA3E0F5828E8312141CFF642FD9
:106258006008EF645C60030263A49007AAE004F09E
:1062680070D29007A9E004F080CA9007A2E0FE640B
:106278002E60159007A7E0FCA3E0FDC39007ACE0F3
:106288009D9007ABE09C402C9007A7E07004A3E02A
:10629800640B60089007A2E0642E60037F062290DA
:1062A80007ABE4F0A37408F09007A7E4F0A3740B1D
:1062B800F0026208EEC3948040149007A2E0547F75
:1062C80024D9F582E43408F583E09007A2F090071A
:1062D800A2E0FF12CA4DEF4E60729007ADE0FBA33B
:1062E800E0FAA3E0F99007A9E475F00112153085EA
:1062F800F082F58312141C9007A3F0E0FF12CA5233
:10630800EF4E601B9007A8E024FFFF9007A7E0343A
:10631800FFFEC39007ACE09F9007ABE09E40037F71
:1063280006229007A2E0FF9007A4E0FBA3E0FAA3EF
:10633800E0F99007ABE475F00112153085F082F5AD
:1063480083EF12145B9007A3E0FF803A7BFF7AC7C4
:10635800793B9007A2E0FD12C66FEA494B60037FC4
:1063680006229007A2E0FFC39461400AEFD3947A13
:106378005004E024E0F09007A2E0FF9007A4E0FBBF
:10638800A3E0FAA3E0F99007ABE475F00112153029
:1063980085F082F583EF12145B0262089007ADE086
:1063A800FBA3E0FAA3E0F99007A9E0FEA3E0FFE968
:1063B8002FF9EA3EFAC003C002C00190079FE0FB34
:1063C800A3E0FAA3E0F91219139007ABE07002A357
:1063D800E070037F06229007A4E0FBA3E0FAA3E0A5
:1063E800F9121403B4E50574051214499007A2E0E4
:1063F800D39420401E9007ADE0FBA3E0FAA3E0F998
:106408009007A9E0FEA3E0F5828E8312141CD394B2
:106418002050047F0480027F009007A4E0FBA3E0E3
:0D642800FAA3E0F990000BEF12145B7F0067
:016435002244
:0B814000900791EBF0A3EAF0A3E9F038
:10814B001218F3900799EBF0A3EAF0A3E9F090076C
:10815B0094E0FBA3E0FAA3E0F9121403FF642F6091
:10816B0004EFB45C0C900795E475F00112151A80BE
:10817B00DD900791E0FBA3E0FAA3E0F99000071272
:10818B0018C300000000EF3395E0FEC3EF9420EE20
:10819B0094005013900029748012145B1258D890DD
:1081AB000797EFF002827E90079F7401F0A374078C
:1081BB00F0A37494F0900791E0FBA3E0FAA3E0F92D
:1081CB001261AD900797EFF0600302827E900791EA
:1081DB00E0FBA3E0FAA3E0F990002912141C90072E
:1081EB0098F012904E900797EFF06011E0640460E6
:1081FB000302827E900798E020E278801B9007981C
:10820B00E020E26F900791E0FBA3E0FAA3E0F99086
:10821B00000512141C20E4089007977405F0805396
:10822B00900791E0FBA3E0FAA3E0F990000F12177F
:10823B00AEEE5401FEE4FD900799E0FBA3E0FAA338
:10824B00E02430F9E43AFAE92FF9EA3EFAED3B90F3
:10825B00079FF0A3EAF0A3E9F090079912A5979076
:10826B000791E0FBA3E0FAA3E0F99000071217F8DF
:08827B000281B2900797E0FFB9
:0182830022D8
:0B9144009007B8EBF0A3EAF0A3E9F0FD
:10914F001218F39007BBEBF0A3EAF0A3E9F0A3EB3F
:10915F00F0A3EAF0A3E9F09007BBE0FBA3E0FAA3CA
:10916F00E0F9EA494B700302920D9007BEE0FBA3B2
:10917F00E475F001121530A9F0FA121403FFFD3354
:10918F0095E0FCC3ED9421EC940050028001C340A4
:10919F0004EFB43AD5EF643A60030292327F01FED6
:1091AF009007BBE0FBA3E0FAA3E0F9121403FDC3A1
:1091BF009430403FEDD394395039E92402F9E43A21
:1091CF00FAC003C002C0019007BEE0FBA3E0FAA300
:1091DF00E0F9D082D083D0E06B7008E9658270032C
:1091EF00EA6583700EEDFF3395E0FEEF24D0FFEEBE
:1091FF0034FFFEC3EF9401EE6480948040057EFF40
:10920F007FFF229007BEE0FBA3E0FAA3E0F9C003C3
:10921F00C002C0019007B8E0FBA3E0FAA3E0F91287
:06922F00191322E4FEFF0A
:019235002216
:0B7B85009007D1EBF0A3EAF0A3E9F0B9
:107B9000900004E412145B90001C1218C3FFFFFF56
:107BA000FF1296D1EF60057E007F04229007D1E09E
:107BB000FBA3E0FAA3E0242EF9EA3402FA12C32070
:107BC0009007D4EEF0A3EFF09007D1E0FBA3E0FA2A
:107BD000A3E0F990003012141C9007D6F064EB601B
:107BE0000EE0FF64E96008EF64E86003027CE59062
:107BF00007D4E0B4AA2CA3E0B455279007D1E0FB4A
:107C0000A3E0FAA3E02482F9E43AA801FCAD037BE7
:107C1000FF7AC7794A7E007F08121B9EEF7003FE31
:107C2000FF229007D1E0FBA3E0FAA3E0243B12C3BC
:107C30001C9007D1E0FBA3E0FAA3E0F990003D120D
:107C4000141C9007D6F0EF24FFFDEE34FF5EFCED30
:107C50005F4C6003027CE5C3EE94025003027CE5B6
:107C6000D3EF9400EE9402507CE06079FF14FEEFB5
:107C70005E70729007D1A3A3E0243E12C31CEF4EA6
:107C800060639007D1E0FBA3E0FAA3E0F990004025
:107C900012141C24FFFFE434FFFED3EF9401EE9492
:107CA000005042E9244112C31CEF4E60389007D1C6
:107CB00012C313C3EF9440EE940050129007D112F8
:107CC0008858E4FBFA7901F8D31217575017900738
:107CD000D1E0FBA3E0FAA3E0244612C31CEF4E6000
:107CE00004E4FEFF229007D4E0B4AA0BA3E0B4554D
:0B7CF000067E007F0280047E007F0300
:017CFB002266
:107705009007BBECF0A3EDF09007B8EBF0A3EAF01F
:03771500A3E9F0F5
:107718007F007E007D007C00127B859007BDEEF027
:10772800A3EFF064024E601B9007BDE0FEA3E0FFEC
:10773800C39403EE9400500A9007BBE07002A3E0E4
:10774800700122E49007BFF0A3F09007BFE0FEA30A
:10775800E0FFC39404EE94005064EFC4F8540FC8DB
:1077680068FFEEC454F048FE9007B8E0FBA3E0FAC7
:10777800A3E02FF9EA3EFAE924F6F9EA3401FA120D
:107788008865C004C005C006C0079007BFE0FEA317
:10779800E07802C333CE33CED8F924C1F58274071A
:1077A8003EF583D007D006D005D00412186C900798
:1077B800C0E004F070949007BFE004F0808C90075C
:1077C800BBE0FEA3E0FF4E600AEF24FFFFEE34FFAC
:1077D800FE80047E007F009007BFEEF0A3EFF090DC
:1077E80007BFE0FEA3E07802C333CE33CED8F92436
:1077F800C1F58274073EF583E0FCA3E0FDA3E0FE3B
:10780800A3E0FFEC4D4E4F60349007B8E0FBA3E0D7
:10781800FAA3E0F99007BFE0FEA3E07802C333CEF5
:1078280033CED8F924C1F58274073EF583E0FCA372
:10783800E0FDA3E0FEA3E0FF127B8580047E007FCD
:10784800039007BDEEF0A3EFF09007BBE07002A332
:10785800E07027C39007BEE094029007BDE0940053
:1078680040189007BFE475F00112151AFEC3E5F041
:107878009404EE940050030277E79007BDE0FEA35E
:02788800E0FF1F
:01788A0022DB
:0B260300900791EBF0A3EAF0A3E9F0D0
:10260E007B007A007900C003C002C001A3E0FBA3E7
:10261E00E0FAA3E0F9121913900791E0FBA3E0FA98
:10262E00A3E0F9129144C3EE6480948050037F0BB3
:10263E00229008D675F003EF1218E7EE75F003A49A
:10264E002583F583E0FBA3E0FAA3E0F9900798EB6E
:10265E00F0A3EAF0A3E9F0EA494B70037F0C229055
:10266E000798E0FBA3E0FAA3E0F9C003C002C001A3
:10267E00900794E0FBA3E0FAA3E0F9121913900778
:10268E0097E054FEF0A3E0FBA3E0FAA3E0F91214E6
:10269E0003602590000112141CFF12CA0090079BC4
:1026AE00EFF020E013900797E0600A90079BE03070
:1026BE00E2037F0A227F0022900798E0FBA3E0FA54
:1026CE00A3E0F9E4121449900798E0FBA3E0FAA303
:1026DE00E0F990000112141CFF12C89D90079BEFA9
:1026EE00F030E0037F0322900797E0600A90079B8B
:1026FE00E030E2037F0A22900798E0FBA3E0FAA302
:10270E00E0F9E4FDFC1277059007A0EEF0A3EFF0E0
:10271E0064044E70037F0122C39007A1E0940290DF
:10272E0007A0E0940040037F0D22900798E0FBA3E2
:10273E00E0FAA3E0F990001C1217AE90079C121855
:01274E006C1E
:10274F00E9243B12C31CEF7003EE640260037F0D9C
:10275F0022900798E0FBA3E0FAA3E0244612C31CE3
:10276F00E4FCFD9007AA12186CE4FFFEFDFC900735
:10277F00AAE0F8A3E0F9A3E0FAA3E0FBC31217570E
:10278F007015900798E0FBA3E0FAA3E02454128899
:10279F00619007AA12186CE4FFFE7D20FC9007AA37
:1027AF00E0F8A3E0F9A3E0FAA3E0FBC31217574048
:1027BF00037F0D229007AAE0FCA3E0FDA3E0FEA398
:1027CF00E0FF900798E0FBA3E0FAA3E0F990001870
:1027DF001217F890004012141C90000312145B9013
:1027EF00000312141CFF64016008EF640260037F92
:1027FF000D229007AAE0F8A3E0F9A3E0FAA3E0FB0B
:10280F00C000C001C002C003900798E0FBA3E0FA2C
:10281F00A3E0F990000312141CFFE4FCFDFED003AB
:10282F00D002D001D00012162D9007AA12186C906A
:10283F000798E0FBA3E0FAA3E0F990003D12141C07
:10284F00FF90000AE48FF012160090000A12157123
:10285F0045F06021900798E0FBA3E0FAA3E0F99020
:10286F00000A121571FFAEF024FFFDEE34FF5EFE7D
:10287F00ED5F4E60037F0D22900798E0FBA3E0FA17
:10288F00A3E0244112C31C900798E0FBA3E0FAA336
:10289F00E0F9900008EE8FF0121600900008121564
:1028AF0071540F60037F0D2290079812C313E4FC3D
:1028BF00FD9007A212186CE4FFFEFDFC9007A2E04A
:1028CF00F8A3E0F9A3E0FAA3E0FBC3121757700CCB
:1028DF009007981288589007A212186C900798E0EA
:1028EF00FBA3E0FAA3E0243E12C31C9007B6EEF060
:1028FF00A3EFF04E70037F0D22900798E0FBA3E04B
:10290F00FAA3E0F9900008121571FFE5F0C4F8542E
:10291F00F0C868FEEFC4540F48FFE4FCFDC004C0CC
:10292F0005C006AB079007B6E0FEA3E0FF9007AA2D
:10293F00E0F8A3E0F9A3E0FAA3E02FFFEA3EFEEDF3
:10294F0039FDEC38FCD002D001D000EF2BFFEE3A6E
:10295F00FEED39FDEC38FC9007A612186C9007A617
:10296F00E0FCA3E0FDA3E0FEA3E0FF9007A2E0F8E8
:10297F00A3E0F9A3E0FAA3E0FBC312175750037FBC
:10298F000D22900798E0FBA3E0FAA3E0F990000A6C
:10299F00121571FFAEF0E4FCFDC004C005C006C007
:1029AF00079007A6E0F8A3E0F9A3E0FAA3E0FB90F5
:1029BF0007A2E0FCA3E0FDA3E0FEA3E0C39BFFEEB4
:1029CF009AFEED99FDEC98FCD003D002D001D00017
:1029DF001216B89007AE12186CE4FFFEFDFC9007BC
:1029EF00AEE0F8A3E0F9A3E0FAA3E0FBC312175798
:1029FF0070037F0D22E49007A0F0A3F07FF57EFF18
:102A0F007DFF7C0F9007AEE0F8A3E0F9A3E0FAA3F7
:102A1F00E0FBD312175750099007A0E4F0A37403FB
:102A2F00F0E47FF57EFFFDFC9007AEE0F8A3E0F940
:102A3F00A3E0FAA3E0FBD312175750099007A0E4C5
:102A4F00F0A37402F0E47FF57E0FFDFC9007AEE07B
:102A5F00F8A3E0F9A3E0FAA3E0FBD312175750084D
:102A6F009007A0E4F0A304F0E47F20FEFDFC9007A4
:102A7F00AEE0F8A3E0F9A3E0FAA3E0FBD3121757F7
:102A8F005007E49007A0F0A3F09007A0E07002A316
:102A9F00E070037F0D229007AEE0FCA3E0FDA3E002
:102AAF00FEA3E02402FFE43EFEE43DFDE43CFC9087
:102ABF000798E0FBA3E0FAA3E0F99000141217F8CF
:102ACF0090079CE0FCA3E0FDA3E0FEA3E0FF9000D5
:102ADF00201217F89007B6E0FEA3E0FFE4FCFD908C
:102AEF00079CE0F8A3E0F9A3E0FAA3E02FFFEA3E8A
:102AFF00FEED39FDEC38FC900798E0FBA3E0FAA35C
:102B0F00E0F99000241217F89007A6E0FCA3E0FD6F
:102B1F00A3E0FEA3E0FF90079CE0F8A3E0F9A3E099
:102B2F00FAA3E02FFFEA3EFEE93DFDE83CFC9007EB
:102B3F0098E0FBA3E0FAA3E0F990002C1217F890AD
:102B4F0007A0E07004A3E064037057E9245A12C38E
:102B5F001CEF4E60037F0D22900798E0FBA3E0FA75
:102B6F00A3E0F990000812157145F060037F0D2264
:102B7F00900798E0FBA3E0FAA3E0245C1288619031
:102B8F000798E0FBA3E0FAA3E0F99000281217F8EA
:102B9F009000141217AEE47B04FAF9F812162D0206
:102BAF002C6D900798E0FBA3E0FAA3E0F9900008E2
:102BBF0012157145F070037F0D229000241217AE8D
:102BCF009007AAE0F8A3E0F9A3E0FAA3E02FFFEA49
:102BDF003EFEE93DFDE83CFC900798E0FBA3E0FAE0
:102BEF00A3E0F99000281217F89007A0E07004A353
:102BFF00E0640270119000141217AEE47B02FAF930
:102C0F00F812162D8058900798E0FBA3E0FAA3E086
:102C1F00F99000141217AEE47B03FAF9F812162D8F
:102C2F00E47B02FAF9F81216B8C004C005C006C05A
:102C3F0007900798E0FBA3E0FAA3E0F990001412C5
:102C4F0017AEEF5401FFE4FEFDFCD003D002D0011C
:102C5F00D000EB2FFFEE3AFEED39FDEC38FC90077C
:102C6F00B212186C9007B2E0FCA3E0FDA3E0FEA344
:102C7F00E024FFFFEE3401FEE43DFDE43CFCE4FB09
:102C8F007A02F9F81216B8900798E0FBA3E0FAA3BE
:102C9F00E0F990001812183CC312175750037F0D1C
:102CAF0022900798E0FBA3E0FAA3E0F9900010123E
:102CBF0018C3FFFFFFFF90000C1218C3FFFFFFFFA9
:102CCF00900005748012145B9007A0E07004A3E0DD
:102CDF0064036003022DD8900798E0FBA3E0FAA3EA
:102CEF00E0246012C31CEF64014E6003022DD890E4
:102CFF000798E0FBA3E0FAA3E0F990079CE0FCA3A0
:102D0F00E0FDA3E0FEA3E02401FFE43EFEE43DFD71
:102D1F00E43CFC1296D1EF6003022DD8900798E0A7
:102D2F00FBA3E0FAA3E0F9900005E412145BE92499
:102D3F00301288617B527A5279617841C3121757EA
:102D4F006003022DD8900798E0FBA3E0FAA3E024DC
:102D5F0014F9EA3402FA1288657B727A7279417833
:102D6F0061C31217577062900798E0FBA3E0FAA3B4
:102D7F00E0242CF9EA3402FA128865E4FBFA79555B
:102D8F0078AAC31217577041900798E0FBA3E0FA97
:102D9F00A3E02418F9EA3402FA128865900798E044
:102DAF00FBA3E0FAA3E0F99000101217F8E9241C36
:102DBF00F9EA3402FA128865900798E0FBA3E0FA6B
:092DCF00A3E0F990000C1217F8C2
:102DD8009007A0A3E0FF900798E0FBA3E0FAA3E028
:102DE800F9EF1214499008D4E475F00112151AFE8F
:102DF800900798E0FBA3E0FAA3E0F9900006EE1232
:042E080016007F0031
:012E0C0022A3
:08A00E00E0FBA3E0FAA3E0F976
:0BA0160090076BEBF0A3EAF0A3E9F069
:10A021009007717409F0EA494B605E90076BE0FBA1
:10A03100A3E0FAA3E0F91218F3EA494B604B900749
:10A041006BE0FBA3E0FAA3E0F91218F3121403602A
:10A0510038900006121571FFAEF090076BE0FBA37C
:10A06100E0FAA3E0F9900003121571B5071BE5F0C2
:10A07100B506161218F390000112141CFF12CA0043
:10A08100EF20E005E4900771F0900771E070109007
:10A09100076BE0FBA3E0FAA3E0F91218F380067B5B
:10A0A100007A007900C003C002C00190076EE0FB96
:0EA0B100A3E0FAA3E0F9121913900771E0FF83
:01A0BF00227E
:0B940F0090074CEBF0A3EAF0A3E9F09B
:10941A00A3E0F9A3E0FAA3E0900756C9F0A3EAF0A3
:10942A00A3E9F07B017A077956129144C3EE64806E
:10943A00948050037F0B229008D675F003EF121820
:10944A00E7EE75F003A42583F583E0FBA3E0FAA316
:10945A00E0F9900753EBF0A3EAF0A3E9F0EA494BED
:10946A0060289008D675F003EF1218E7EE75F0033E
:10947A00A42583F583E4F0A3F0A3F0900753E0FB5F
:10948A00A3E0FAA3E0F9E412144990074CE0FBA325
:10949A00E0FAA3E0F9EA494B6031900001EF1214B7
:1094AA005BE412144990074CE0FBA3E0FAA3E0F94D
:1094BA009008D675F003EF1218E7EE75F003A425AD
:1094CA0083F583EBF0A3EAF0A3E9F0900752E0708A
:1094DA0002FF229007947401F0A37407F0A3744C5E
:0D94EA00F0E4A3F07B017A07794F1226030E
:0194F7002252
:0B41EA0090074CEBF0A3EAF0A3E9F013
:1041F5004A4B70037F0922900752E0543FFFF0902D
:1042050007947401F0A37407F0A3747EF0A3EFF094
:104215007B017A07794F122603900753EFF060036D
:1042250002478B90077EE0FBA3E0FAA3E0F9C00309
:10423500C002C00190074CE0FBA3E0FAA3E0F9122D
:10424500191390077EE0F9A3E0FAA3E0900754C99B
:10425500F0A3EAF0A3E9F090074FE0F9A3E0FAA391
:10426500E0900794C9F0A3EAF0A3E9F07B017A078F
:104275007954128140900753EFF0700D90077DE05F
:1042850030E7069007537406F0900752E0541C700F
:104295000302442DA3E0FF601AB4040E7B017A07E4
:1042A5007954129D36900753EFF0900752E0440879
:1042B500F0801B900752E030E206A37408F0800EF0
:1042C500900759E0541160069007537407F0900762
:1042D50053E06003024452900752E020E303024496
:0142E5005286
:0942E60012000390078112186C0C
:1042EF0090076FE0FBA3E0FAA3E0240E1295DE9097
:1042FF00076FE0FBA3E0FAA3E024161295DE12A5E8
:10430F007D90078512186C90076FE0FBA3E0FAA36E
:10431F00E0F990000B742012145B90076FE0F9A383
:10432F00E0FAA3E0900794C9F0A3EAF0A3E9F0A3A1
:10433F001218780000000090077EE0FBA3E0FAA3BC
:10434F00E0F912B96690076FE0FBA3E0FAA3E0244F
:10435F001CF9E43AFA7F007E007D007C001295F094
:10436F0090077EE0FBA3E0FAA3E0F990000474014C
:10437F0012145BE4FFFEFDFC900785E0F8A3E0F963
:0F438F00A3E0FAA3E0FBC31217577003024452D6
:10439E0090077EE0FBA3E0FAA3E0F990001C121751
:1043AE00AE90078912186C7B017A077954900798A2
:1043BE0012187800000000900785E0FCA3E0FDA332
:1043CE00E0FEA3E0FF127012900753EFF0707590AD
:1043DE00077EE0FBA3E0FAA3E0F9900789E0FCA3D7
:1043EE00E0FDA3E0FEA3E0FF1296D1900753EFF09D
:1043FE00900785E0FCA3E0FDA3E0FEA3E024FFFF11
:10440E00EE34FFFEED34FFFDEC34FFFC90077EE052
:0D441E00FBA3E0FAA3E0F990000C1217F8E0
:10442B008025900753E0701F900759E0FF30E40898
:10443B009007537404F0800F900752E030E108EFBF
:10444B0030E004A37407F0900753E0704F900752CD
:10445B00E0FF30E3034440F090077EE0FBA3E0FA7B
:10446B00A3E0F990001C1217AE90074CE0FBA3E001
:10447B00FAA3E0F990001D1217F890076FE0FBA369
:10448B00E0FAA3E0F9C003C002C00190074CE0FBC7
:10449B00A3E0FAA3E0F9900021121992900753E0E0
:1044AB00600302478B12A57D90074CE0FBA3E0FA5B
:1044BB00A3E0F99000071217F890076FE0FBA3E059
:1044CB00FAA3E0241C12886190074CE0FBA3E0FAEE
:1044DB00A3E0F990000B1217F890077EE0FBA3E026
:1044EB00FAA3E0F9900006121571FF90074CE0FB60
:1044FB00A3E0FAA3E0F9900003E5F08FF0121600A9
:10450B00900752E090000F12145B900010E412140D
:10451B005B9000191218C3000000009000111218D4
:10452B00C3000000007E027F007D00E92424F9E433
:10453B003AFA121BC2900752E020E50302478B9018
:10454B00074CE0FBA3E0FAA3E0F990000B1217AEC7
:0E455B00E4FBFAF9F8C3121757400302478B2E
:1045690090074CE0FBA3E0FAA3E0F990000B1217C7
:10457900AE9000111217F890077EE0FBA3E0FAA3B2
:10458900E0F990000A121571FFAEF07C027D00126D
:1045990019EB90078112186C90074CE0FBA3E0FA25
:1045A900A3E0F99000071217AE90078512186C90D6
:1045B900000B1217AE02466E900753E060030246E5
:1045C90077900781E0FCA3E0FDA3E0FEA3E0FF9064
:1045D9000789E0F8A3E0F9A3E0FAA3E0FBD31217F7
:1045E90057500302467790074CE0FBA3E0FAA3E09B
:1045F900F9900785125BF790078512186CE47F0123
:10460900FEFDFC900785E0F8A3E0F9A3E0FAA3E03A
:10461900FBD312175750069007537402F074FFFF2B
:10462900FEFDFC900785E0F8A3E0F9A3E0FAA3E01A
:10463900FBC3121757700590075304F0900789E0E0
:10464900FCA3E0FDA3E0FEA3E0FF900781E0F8A34F
:10465900E0F9A3E0FAA3E0FBC3EF9BFFEE9AFEEDBE
:1046690099FDEC98FC90078912186C0245C19007D6
:1046790085E0FCA3E0FDA3E0FEA3E0FF90074CE08A
:10468900FBA3E0FAA3E0F99000151217F89007537D
:10469900E0600302478B900789A3A3E0FEA3E0FF34
:0E46A900EE5401FEE4FDFCEE4F700302478B61
:1046B70090077EE0FBA3E0FAA3E0F9900785129C40
:1046C7008390078D12186CE4FFFEFDFC90078DE0C8
:1046D700F8A3E0F9A3E0FAA3E0FBC31217577009A8
:1046E7009007537402F002478BE4FB7A02F9F890C3
:1046F7000789E0FCA3E0FDA3E0FEA3E0FF1216B8E4
:1047070090078DE0F8A3E0F9A3E0FAA3E02FFFEA12
:104717003EFEE93DFDE83CFC90074CE0FBA3E0FAD8
:10472700A3E0F99000191217F890077EE0FBA3E0C9
:10473700FAA3E0F990000112141CFFC00790074C80
:10474700E0FBA3E0FAA3E02424F9E43AFAC003C0AB
:1047570002C00190074CA3E0FAA3E0F990001912F8
:1047670017AE9007E712186C9007EBE4F0A304F07C
:10477700D001D002D003D00712ADD2EF6006900768
:04478700537401F076
:10478B00900753E0601A7B007A007900C003C002E7
:10479B00C00190074CE0FBA3E0FAA3E0F912191358
:0547AB00900753E0FF40
:0147B00022E6
:0B3BDF00900A23EBF0A3EAF0A3E9F04A
:103BEA00A3E0F9A3E0FAA3E0900A3FC9F0A3EAF040
:103BFA00A3E9F0900A2BE0FBA3E0FAA3E0F9E4F5CD
:103C0A00F01215E190076E7401F0A3740AF0A37420
:103C1A002EF0900A2312A00EEF7014900A23E0FBF4
:103C2A00A3E0FAA3E0F990001012141CFF6001222D
:103C3A0090000F12141C20E0037F0722900011123B
:103C4A00183CC000C001C002C003900A23E0FBA3D5
:103C5A00E0FAA3E0F990000B1217AED003D002D01D
:103C6A0001D000C3EF9BFFEE9AFEED99FDEC98FCA4
:103C7A00900A3512186C900A29E0FEA3E0FFE4FCD2
:103C8A00FD900A35E0F8A3E0F9A3E0FAA3E0FBC34C
:103C9A001217575011900A35A3A3E0FFA3E0900A28
:103CAA0029CFF0A3EFF0D3900A2AE09400900A29D2
:103CBA00E0940050030241E7900A23E0FBA3E0FAF4
:103CCA00A3E0F99000111217AEEE5401FEE4FDFCD8
:103CDA00FBFAF9F8C312175760030240FC900A2353
:103CEA00E0FBA3E0FAA3E0F99000111217AEE4FB9F
:103CFA007A02F9F81216B8C004C005C006C00790C7
:103D0A000A2EE0FBA3E0FAA3E0F990000A1215716B
:103D1A0024FFFFE5F034FFFED003D002D001D0002B
:103D2A00EB5FFFEA5EFE900A3DEEF0A3EFF04E6015
:043D3A0003023DDC67
:103D3E00900A23E0FBA3E0FAA3E0F990001112171A
:103D4E00AEE4FBFAF9F8C3121757900A237010E08D
:103D5E00FBA3E0FAA3E0F99000071217AE8011E082
:103D6E00FBA3E0FAA3E0F99000151217AE125C0265
:103D7E00900A4212186CE47F02FEFDFC900A42E0AB
:103D8E00F8A3E0F9A3E0FAA3E0FBC3121757500221
:103D9E00807A74FFFFFEFDFC900A42E0F8A3E0F982
:103DAE00A3E0FAA3E0FBC312175770030240C790BB
:103DBE000A42E0FCA3E0FDA3E0FEA3E0FF900A238D
:0E3DCE00E0FBA3E0FAA3E0F99000151217F84D
:103DDC00900A23E0FBA3E0FAA3E0F9900015121778
:103DEC00AE900A2EE0FBA3E0FAA3E0F9129C8E90B1
:103DFC000A3112186CE4FFFEFDFC900A31E0F8A3C6
:103E0C00E0F9A3E0FAA3E0FBC31217577016900A6F
:103E1C0023E0FBA3E0FAA3E0F99000107402121463
:103E2C005B7F0222900A31E0F8A3E0F9A3E0FAA349
:103E3C00E0FB900A3DE0FEA3E0FFE4FCFDEB2FFF6E
:103E4C00EA3EFEED39FDEC38FC900A3112186C900C
:103E5C000A29E0C313FF7E00900A3BEEF0A3EFF0BB
:103E6C00D39400EE94005003023FD4900A2EE0FB52
:103E7C00A3E0FAA3E0F990000A121571FF900A3B37
:103E8C00E0FCA3E0FD900A3EE02DFD900A3DE03CF5
:103E9C00FCD3ED9FEC95F0401D90000A121571FFBC
:103EAC00900A3DE0FCA3E0FDC3EF9DFEE5F09C9085
:103EBC000A3BF0A3CEF0900A2EE0FBA3E0FAA3E0BD
:103ECC00F990000112141CFFC007900A3FE0FBA3FD
:103EDC00E0FAA3E0F9900A31E0FCA3E0FDA3E0FED8
:103EEC00A3E0FF9007E712186C900A3BE0FFA3E0F9
:103EFC009007EBCFF0A3EFF0D00712ADD2EF600339
:103F0C000240C7900A23E0FBA3E0FAA3E0F990007B
:103F1C000F12141C20E703023FC49000191217AEB5
:103F2C00900A31E0F8A3E0F9A3E0FAA3E0FBC3EFB9
:103F3C009BFBEE9AFAED99F9EC98F8900A3BE0FEAF
:103F4C00A3E0FFE4FCFDC3121757506C900A23E06A
:103F5C00FBA3E0FAA3E02424F9E43AFAC003C0027C
:103F6C00C001900A23A3E0FAA3E0F99000191217FC
:103F7C00AE900A31E0F8A3E0F9A3E0FAA3E0FBC3AA
:103F8C00EF9BFFEE9AFEED99FDEC98FCE4FB7A02B8
:103F9C00F9F812162D900A3FE0FBA3E0FAA3E02FEC
:103FAC00F9EA3EFAEB3DA801AC02FDD001D002D0FB
:103FBC00037E027F001213DD900A3CE025E0900A9C
:103FCC0039F0A3E4F002417C900A23E0FBA3E0FA71
:103FDC00A3E0F99000191217AE900A31E0F8A3E0B3
:103FEC00F9A3E0FAA3E0FBC312175770030240DDFC
:103FFC00900A23E0FBA3E0FAA3E0F990000F12145F
:10400C001C30E76F900A2EE0FBA3E0FAA3E0F990D6
:10401C00000112141CFFC007900A23E0FBA3E0FA76
:10402C00A3E02424F9E43AFAC003C002C001900AC8
:10403C0023A3E0FAA3E0F99000191217AE9007EB56
:10404C0012186C9007EFE4F0A304F0D001D002D06A
:10405C0003D00712AEE6EF60028060900A23E0FB0B
:10406C00A3E0FAA3E0240FF9E43AFA121403547F04
:10407C00121449900A2EE0FBA3E0FAA3E0F9900099
:10408C000112141CFFC007900A23E0FBA3E0FAA363
:10409C00E02424F9E43AFA900A31E0FCA3E0FDA311
:1040AC00E0FEA3E0FF9007E712186C9007EBE4F03A
:1040BC00A304F0D00712ADD2EF6016900A23E0FBF8
:1040CC00A3E0FAA3E0F9900010740112145B7F01D5
:1040DC0022900A31E0FCA3E0FDA3E0FEA3E0FF90F8
:1040EC000A23E0FBA3E0FAA3E0F99000191217F8F9
:1040FC00900A23E0FBA3E0FAA3E0F9900011121759
:10410C00AEEE5401FEC3E49FFF74029EFE900A398A
:10411C00F0A3EFF0900A29E0FCA3E0FDC39FEC9E16
:10412C005008900A39ECF0A3EDF0900A39E0FEA3A8
:10413C00E0FFC006C0079000111217AEEE5401FE4E
:10414C00E4FDE92424F9E43AFAE92FF9EA3EFAED20
:10415C003BFBC003C002900A3FE0FBA3E0FAA3E0E4
:10416C00F8AC02AD03D002D003D007D0061213DD99
:10417C00900A39E0FEA3E0FFC3900A2AE09FF0907A
:10418C000A29E09EF0900A2BE0FBA3E0FAA3E0F9E9
:10419C00EE8FF01215A9900A39E0FEA3E0FF900A09
:1041AC0040EE8FF012151A900A23E0FBA3E0FAA35D
:1041BC00E02411F9E43AFAC003C002C00112181C41
:1041CC00E4FCFDEB2FFFEA3EFEED39FDEC38FCD0B4
:0D41DC0001D002D0031217DE023CB07F00BC
:0141E90022B3
:0B2E0D0090074CEBF0A3EAF0A3E9F003
:102E1800A3E0F9A3E0FAA3E0900768C9F0A3EAF0F9
:102E2800A3E9F0900754E0FBA3E0FAA3E0F9E4F586
:102E3800F01215E190076E7401F0A37407F0A37403
:102E480057F090074C12A00EEF701490074CE0FB5F
:102E5800A3E0FAA3E0F990001012141CFF6001220D
:102E680090000F12141C20E1037F0722900011121A
:102E7800183C900752E0FEA3E0FFEF2BFFEE3AFE6E
:102E8800E439FDE438FC90074CE0FBA3E0FAA3E04A
:102E9800F990001112183CD3121757402090074C94
:102EA800E0FBA3E0FAA3E0F99000111217AEC37497
:102EB800FF9F900753F074FF9E900752F0D390073E
:102EC80053E09400900752E0940050030234F290CB
:102ED800074CE0FBA3E0FAA3E0F99000111217AE4B
:102EE800EE5401FEE4FDFCFBFAF9F8C31217576033
:102EF800030233A890074CE0FBA3E0FAA3E0F990A3
:102F080000111217AEE4FB7A02F9F81216B890070E
:102F180057E0FBA3E0FAA3E0F990000A1215712428
:102F2800FFFDE5F034FF5EFEED5FFF900766EEF013
:102F3800A3EFF04E600302305C90074CE0FBA3E087
:102F4800FAA3E0F99000111217AEE4FBFAF9F8C3FE
:102F5800121757704590074CE0FBA3E0FAA3E0F97D
:102F68009000071217AE90075A12186CE4FFFEFD86
:102F7800FC90075AE0F8A3E0F9A3E0FAA3E0FBC34A
:102F8800121757702F90074CE0FBA3E0FAA3E0F963
:102F98007F007E007D007C00801190074CE0FBA341
:102FA800E0FAA3E0F99000151217AE124CBA900798
:102FB8005A12186CE4FFFEFDFC90075AE0F8A3E0F3
:102FC800F9A3E0FAA3E0FBC312175770030234F227
:102FD800E47F01FEFDFC90075AE0F8A3A3A3E0C339
:102FE800121757700302311E74FFFFFEFDFC900795
:102FF8005AE0F8A3E0F9A3E0FAA3E0FBC3121757DD
:10300800700302337390075AE0FCA3E0FDA3E0FECF
:10301800A3E0FF90074CE0FBA3E0FAA3E0F99000DF
:10302800151217F89000071217AEE4FBFAF9F8C367
:10303800121757701F90075AE0FCA3E0FDA3E0FEAB
:10304800A3E0FF90074CE0FBA3E0FAA3E0F99000AF
:10305800071217F890074CE0FBA3E0FAA3E0F990F9
:10306800000F12141C30E770900757E0FBA3E0FA3A
:10307800A3E0F990000112141CFFC00790074CE070
:10308800FBA3E0FAA3E02424F9E43AFAC003C0025F
:10309800C00190074CA3E0FAA3E0F99000191217B9
:1030A800AE9007EB12186C9007EFE4F0A304F0D091
:1030B80001D002D003D00712AEE6EF6003023373EB
:1030C80090074CE0FBA3E0FAA3E0240FF9E43AFAF6
:1030D800121403547F12144990074CE0FBA3E0FA42
:1030E800A3E0F99000151217AE900757E0FBA3E094
:1030F800FAA3E0F9129C8E90075E12186CE4FFFEAA
:10310800FDFC90075EE0F8A3E0F9A3E0FAA3E0FB7A
:10311800C3121757701690074CE0FBA3E0FAA3E020
:10312800F9900010740212145B7F022290075EE08F
:10313800F8A3E0F9A3E0FAA3E0FB900766E0FEA39A
:10314800E0FFE4FCFDEB2FFFEA3EFEED39FDEC3835
:10315800FC90075E12186C900752E0C313FF7E00C4
:10316800900764EEF0A3EFF0D39400EE94005003C0
:103178000232E9900757E0FBA3E0FAA3E0F99000D8
:103188000A121571FF900764E0FCA3E0FD90076741
:10319800E02DFD900766E03CFCD3ED9FEC95F040F8
:1031A8001D90000A121571FF900766E0FCA3E0FD70
:1031B800C3EF9DFEE5F09C900764F0A3CEF0900766
:1031C80057E0FBA3E0FAA3E0F990000112141CFFFA
:1031D800C007900768E0FBA3E0FAA3E0F990075E58
:1031E800E0FCA3E0FDA3E0FEA3E0FF9007EB1218CC
:1031F8006C900764E0FFA3E09007EFCFF0A3EFF037
:10320800D00712AEE6EF600302337390074CE0FB81
:10321800A3E0FAA3E0F99000191217AE90075EE058
:10322800F8A3E0F9A3E0FAA3E0FBC3EF9BFBEE9A57
:10323800FAED99F9EC98F8900764E0FEA3E0FFE452
:10324800FCFDC312175740030232D990074CE0FB2C
:10325800A3E0FAA3E0F99000191217AE90075EE018
:10326800F8A3E0F9A3E0FAA3E0FBC3EF9BFFEE9A13
:10327800FEED99FDEC98FCE4FB7A02F9F812162DA4
:10328800900768E0FBA3E0FAA3E02FF9EA3EFAEB27
:103298003DFBC003C002C00190074CE0FBA3E0FA6D
:1032A800A3E02424F9E43AA801FCAD03D001D0023C
:1032B800D0037E027F001213DD90074CE0FBA3E0F1
:1032C800FAA3E0240FF9E43AFA121403547F121413
:1032D80049900765E025E0900762F0A3E4F0023426
:1032E8004390074CE0FBA3E0FAA3E0F99000191221
:1032F80017AE90075EE0F8A3E0F9A3E0FAA3E0FBBD
:10330800C3121757607B90074CE0FBA3E0FAA3E0D9
:10331800F990000B1217AE90001112183CC3121747
:1033280057505E900757E0FBA3E0FAA3E0F990003E
:103338000112141CFFC00790074CE0FBA3E0FAA39E
:10334800E02424F9E43AFA90075EE0FCA3E0FDA348
:10335800E0FEA3E0FF9007E712186C9007EBE4F09B
:10336800A304F0D00712ADD2EF601690074CE0FB33
:10337800A3E0FAA3E0F9900010740112145B7F0136
:103388002290075EE0FCA3E0FDA3E0FEA3E0FF902F
:10339800074CE0FBA3E0FAA3E0F99000191217F834
:1033A80090074CE0FBA3E0FAA3E0F9900011121794
:1033B800AEEE5401FEC3E49FFF74029EFE900762C6
:1033C800F0A3EFF0900752E0FCA3E0FDC39FEC9E52
:1033D8005008900762ECF0A3EDF0900762E0FEA3BE
:1033E800E0FFC006C00790074CE0FBA3E0FAA3E0AB
:1033F800F99000111217AEEE5401FEE4FDE9242401
:10340800F9E43AFAE92FF9EA3EFAED3BA801AC02F1
:10341800FD900768E0FBA3E0FAA3E0F9D007D00627
:103428001213DD90074CE0FBA3E0FAA3E0240FF9A8
:10343800E43AFA1214034480121449900762E0FE39
:10344800A3E0FFC3900753E09FF0900752E09EF07F
:10345800900754E0FBA3E0FAA3E0F9EE8FF0121511
:10346800A9900762E0FEA3E0FF900769EE8FF012D3
:10347800151A90074CE0FBA3E0FAA3E02411F9E445
:103488003AFAC003C002C00112181CE4FCFDEB2F7D
:10349800FFEA3EFEED39FDEC38FCD001D002D00346
:1034A8001217DE90074CE0FBA3E0FAA3E0F99000C6
:1034B8000B1217AE90001112183CD3121757900731
:1034C8004CE0FBA3E0FAA3E0F9400590001180036B
:1034D80090000B1217AE90074CE0FBA3E0FAA3E0B4
:1034E800F990000B1217F8022EC590074CE0FBA3C9
:1034F800E0FAA3E0240FF9E43AFA12140344401264
:0435080014497F00E3
:01350C00229C
:0B6A7800900752EBF0A3EAF0A3E9F056
:106A830090076E7401F0A37407F0A37456F012A07C
:106A930016900755EFF06003026C56900752E0FB27
:106AA300A3E0FAA3E0F990000F12141CFF20E60301
:106AB300026C5630E770900756E0FBA3E0FAA3E0C0
:106AC300F990000112141CFFC007900752E0FBA3CA
:106AD300E0FAA3E02424F9E43AFAC003C002C001B7
:106AE300900752A3E0FAA3E0F99000191217AE90B1
:106AF30007EB12186C9007EFE4F0A304F0D001D079
:106B030002D003D00712AEE6EF60037F01229007A5
:106B130052E0FBA3E0FAA3E0240FF9E43AFA1214DB
:106B230003547F121449900752E0FBA3E0FAA3E059
:106B3300F990001D1217AE9007561296C99007558B
:076B4300EFF06003026C5645
:106B4A00900752E0FBA3E0FAA3E0F99000211219A2
:106B5A0062900759EBF0A3EAF0A3E9F0900759E035
:106B6A00FBA3E0FAA3E0240BF9E43AFA1214034473
:106B7A0020121449900752E0FBA3E0FAA3E0F912AD
:106B8A0018F3C003C002C001900759E0F9A3E0FA64
:106B9A00A3E0900794C9F0A3EAF0A3E9F0900752A2
:106BAA00E0FBA3E0FAA3E0F99000071217AE900702
:106BBA009712186CD001D002D00312B96690075907
:106BCA00E0FBA3E0FAA3E0241CF9E43AFAC003C00C
:106BDA0002C001900752E0FBA3E0FAA3E0F990009B
:106BEA000B1217AED001D002D0031295F012000397
:106BFA00900759E0FBA3E0FAA3E02416F9E43AFA75
:106C0A001295F0900759E0FBA3E0FAA3E02412F9E9
:106C1A00E43AFAE4FDFC12BF07900756E0FBA3E052
:106C2A00FAA3E0F9900004740112145B12788B90B5
:106C3A000755EFF0900752E0FBA3E0FAA3E0240F18
:0C6C4A00F9E43AFA12140354BF12144982
:056C5600900755E0FF6E
:016C5B002216
:0BBEBF0090074CEBF0A3EAF0A3E9F0C1
:10BECA00126A78EF702D90076E04F0A37407F0A33E
:10BEDA00744FF090074C12A00EEF7017FBFAF9C0DE
:10BEEA0003C002C00190074CE0FBA3E0FAA3E0F90B
:03BEFA0012191307
:01BEFD002222
:10350D0090074F12186C90074CEBF0A3EAF0A3E96B
:01351D00F0BD
:10351E0090076E7401F0A37407F0A37454F012A018
:10352E0016900753EFF0701590074CE0FBA3E0FAEE
:10353E00A3E0F990001012141C900753F09007535B
:10354E00E0FF60012290074CE0FBA3E0FAA3E0F954
:10355E0090000B1217AE90074FE0F8A3E0F9A3E02E
:10356E00FAA3E0FBD3121757402090074CE0FBA3C1
:10357E00E0FAA3E0F990000F12141C20E10C900069
:10358E000B1217AE90074F12186C90074CE0FBA36E
:10359E00E0FAA3E0F99000111217AE90076312182B
:1035AE006C90075F1218780000000090001112183E
:1035BE00C300000000E4FFFEFDFC90074FE0F8A3FF
:1035CE00E0F9A3E0FAA3E0FBD31217575003023A37
:1035DE005A900754E0FBA3E0FAA3E0F990000A1218
:1035EE001571FFAEF07C027D001219EB90075B1295
:1035FE00186CE4FFFEFDFC900763E0F8A3E0F9A36E
:10360E00E0FAA3E0FBD312175750030237389007A6
:10361E0063E0FCA3E0FDA3E0FEA3E024FFFFEE3495
:10362E00FFFEED34FFFDEC34FFFC90075BE0F8A3EA
:10363E00E0F9A3E0FAA3E0FB1216B8C004C005C07F
:10364E0006C00790074FE0FCA3E0FDA3E0FEA3E059
:10365E0024FFFFEE34FFFEED34FFFDEC34FFFC9053
:10366E00075BE0F8A3E0F9A3E0FAA3E0FB1216B8BB
:10367E00A804A905AA06AB07D007D006D005D0042A
:10368E00C3121757500302373890075BE0FCA3E0D4
:10369E00FDA3E0FEA3E024FFFFEE34FFFEED34FFBA
:1036AE00FDEC34FFFC12174AA804A905AA06AB07C5
:1036BE00900763E0FCA3E0FDA3E0FEA3E024FFFF80
:1036CE00EE34FFFEED34FFFDEC34FFFCEF5BFFEE5E
:1036DE005AFEED59FDEC58FC90074CE0FBA3E0FAC6
:1036EE00A3E0F99000111217F890074FE0FCA3E049
:1036FE00FDA3E0FEA3E0FF90001112183CC3EF9B68
:10370E00FFEE9AFEED99FDEC98FC90074F12186CA7
:10371E0090074CE0FBA3E0FAA3E0F9900015121716
:10372E00AE90075712186C0237FC90074CE0FBA3C3
:10373E00E0FAA3E0F99000071217AE90075712189F
:10374E006CE4FFFEFDFC900757E0F8A3E0F9A3E060
:10375E00FAA3E0FBC3121757707590074CE0FBA35A
:10376E00E0FAA3E0F97F007E007D007C00124CBAE7
:10377E0090075712186CE47F01FEFDFC900757E08E
:10378E00F8A3E0F9A3E0FAA3E0FBC3121757700306
:10379E000239FD74FFFFFEFDFC900757E0F8A3E031
:1037AE00F9A3E0FAA3E0FBC31217577003023BA480
:1037BE00900757E0FCA3E0FDA3E0FEA3E0FF900717
:1037CE004CE0FBA3E0FAA3E0F99000071217F89083
:1037DE000757E0FCA3E0FDA3E0FEA3E0FF90074C3B
:1037EE00E0FBA3E0FAA3E0F99000151217F8E4FF4E
:1037FE00FEFDFC900757E0F8A3E0F9A3E0FAA3E082
:10380E00FBC31217577003023A5A90075BE0FCA3F2
:10381E00E0FDA3E0FEA3E0FF90074FE0F8A3E0F980
:10382E00A3E0FAA3E0FBD3121757500302398A9094
:10383E00074FE0FCA3E0FDA3E0FEA3E0FF90075BD3
:10384E00E0F8A3E0F9A3E0FAA3E0FBEF9BFFEE9A0A
:10385E00FEED99FDEC98FC90074F12186C90074CFA
:10386E00E0FBA3E0FAA3E02411F9E43AFAC002C0A7
:10387E000112178E90075BE0F8A3E0F9A3E0FAA31C
:10388E00E02FFFEA3EFEE93DFDE83CFCD001D00210
:10389E001217DE90074CE0FBA3E0FAA3E0F99000CC
:1038AE000F12141C30E13D900757E0FCA3E0FDA37E
:1038BE00E0FEA3E0FF124CBA90075712186CE4FF1B
:1038CE00FEFDFC900757E0F8A3E0F9A3E0FAA3E0B1
:1038DE00FBC3121757702490074F12187800000080
:1038EE000002398A90074CE0FBA3E0FAA3E0F990BE
:1038FE000757125BF790075712186C74FFFFFEFD07
:10390E00FC900757E0F8A3E0F9A3E0FAA3E0FBC3AD
:10391E001217577003023BA4E47F01FEFDFC9007D3
:10392E0057E0F8A3E0F9A3E0FAA3E0FBD312175790
:10393E004025900754E0FBA3E0FAA3E0F9900014B1
:10394E001217AE900757E0F8A3E0F9A3E0FAA3E050
:10395E00FBC312175740030239FD900757E0FCA333
:10396E00E0FDA3E0FEA3E0FF90074CE0FBA3E0FA2E
:10397E00A3E0F99000151217F802381890074CE0E2
:10398E00FBA3E0FAA3E02411F9E43AFAC002C00165
:10399E0012178E90074FE0F8A3E0F9A3E0FAA3E028
:1039AE002FFFEA3EFEE93DFDE83CFCD001D00212BD
:1039BE0017DE90074FA3A3E0FEA3E0FFEE5401FE37
:1039CE00E4FDFCEE4F7003023A5A900754129C7AB3
:1039DE0090075F12186CE4FFFEFDFC90075FE0F8A5
:1039EE00A3E0F9A3E0FAA3E0FBC3121757701690F9
:1039FE00074CE0FBA3E0FAA3E0F99000107402126A
:103A0E00145B7F022290075FE0F8A3E0F9A3E0FACF
:103A1E00A3E0FBC000C001C002C003E4FB7A02F9C0
:103A2E00F890074FE0FCA3E0FDA3E0FEA3E0FF1239
:103A3E0016B8D003D002D001D000EB2FFFEA3EFE25
:103A4E00E93DFDE83CFC90075F12186C90074CE0D6
:103A5E00FBA3E0FAA3E0F990000B1217AE90001151
:103A6E0012183CD3121757402690074CE0FBA3E0E8
:103A7E00FAA3E0F99000111217AE90000B1217F88E
:103A8E00E9240FF9E43AFA1214034440121449904F
:103A9E00074CE0FBA3E0FAA3E0F99000111217AE79
:103AAE00EE5401FEE4FDFCEE4F7003023BD9900094
:103ABE00191217AE90075FE0F8A3E0F9A3E0FAA39E
:103ACE00E0FBC31217577003023BD990074CE0FB83
:103ADE00A3E0FAA3E0F990000F12141C30E76F90E8
:103AEE000754E0FBA3E0FAA3E0F990000112141CC6
:103AFE00FFC00790074CE0FBA3E0FAA3E02424F9F3
:103B0E00E43AFAC003C002C00190074CA3E0FAA346
:103B1E00E0F99000191217AE9007EB12186C90078F
:103B2E00EFE4F0A304F0D001D002D003D00712AE20
:103B3E00E6EF6002806090074CE0FBA3E0FAA3E0A2
:103B4E00240FF9E43AFA121403547F121449900721
:103B5E0054E0FBA3E0FAA3E0F990000112141CFF5D
:103B6E00C00790074CE0FBA3E0FAA3E02424F9E49D
:103B7E003AFA90075FE0FCA3E0FDA3E0FEA3E0FFAE
:103B8E009007E712186C9007EBE4F0A304F0D0074F
:103B9E0012ADD2EF601690074CE0FBA3E0FAA3E063
:103BAE00F9900010740112145B7F012290075FE000
:103BBE00FCA3E0FDA3E0FEA3E0FF90074CE0FBA317
:103BCE00E0FAA3E0F99000191217F8900753E0FFFE
:013BDE0022C4
:0B83C400900AE6EBF0A3EAF0A3E9F05A
:1083CF004A4B70037F09229007947401F0A3740A3B
:1083DF00F0A374EDF0E4A3F07B017A0A79E9122699
:1083EF0003900AECEFF060030284D4A3E0FBA3E058
:1083FF00FAA3E0F9C003C002C001900AE6E0FBA3B4
:10840F00E0FAA3E0F9121913900AE9E0F9A3E0FAF0
:10841F00A3E0900794C9F0A3EAF0A3E9F0900AE66D
:10842F00E0FBA3E0FAA3E0F9128140900AECEFF031
:10843F0060030284CA900AE6E0FBA3E0FAA3E0F926
:10844F0090002912141C20E73F90000512141C30D5
:10845F00E430900AE6A3A3E090001B121962900784
:10846F009FEBF0A3EAF0A3E9F0900AED12A5959027
:10847F000AE6E0FBA3E0FAA3E0F99000071217F871
:10848F008006900AEC7405F0900AECE0702DA3E0E2
:10849F00FBA3E0FAA3E0F9900006121571FF900A12
:1084AF00E6E0FBA3E0FAA3E0F9900003E5F08FF01C
:1084BF001216001258D8900AECEFF0900AECE0B4C4
:1084CF0004037405F0900AECE0601A7B007A0079DF
:1084DF0000C003C002C001900AE6E0FBA3E0FAA3CC
:0A84EF00E0F9121913900AECE0FF07
:0184F9002260
:0BC10F00900B09EBF0A3EAF0A3E9F0AD
:10C11A0090076E7401F0A3740BF0A3740CF012A0D4
:10C12A0016EF7017FBFAF9C003C002C001900B09A1
:0BC13A00E0FBA3E0FAA3E0F9121913E8
:01C1450022D7
:0BA42700900AF9EBF0A3EAF0A3E9F0C3
:10A4320090076E7401F0A3740AF0A374FFF012A0E7
:10A4420016EF7073900AFCE0FBA3E0FAA3E0F9EACE
:10A45200494B7008900AF91258D0805B900AFCE0D0
:10A46200FBA3E0FAA3E0F9900009E412145B900A5E
:10A47200F9E0FBA3E0FAA3E0F9E4FDFC128963EF43
:10A48200B40402E4FFEF702F900AFCE0F9A3E0FAB3
:10A49200A3E0900ADEC9F0A3EAF0A3E9F0900AF97A
:10A4A200E0FBA3E0FAA3E0F91273AA900AF91255AD
:10A4B2006CEFB40402E4FF900AFCE0FBA3E0FAA311
:10A4C200E0F9EA494B600AEF6007900009E41214D0
:01A4D2005B2E
:01A4D3002266
:10C89D00EF60037F0122126436EF60037F01227F78
:02C8AD00002267
:09CA0000EF60037F01227F002298
:0BADD2009007E4EBF0A3EAF0A3E9F027
:10ADDD00EF60037F0422E49007EDF0A3F09007EB02
:10ADED00E0FCA3E0FDA3E0FEA3E0FFC39DEE9C50BD
:10ADFD005CE4FCFD9007E7E0F8A3E0F9A3E0FAA31B
:10AE0D00E02FFFEA3EFEED39FDEC38FCC005C00633
:10AE1D00C0079007E4A3E0FAA3E0FD9007EEE0255C
:10AE2D00E0FEE42DFFEE3A9007F3F0A3EFF0D0072C
:10AE3D00D006D00512A8B1EF60037F01229007EE76
:0FAE4D00E004F070989007EDE004F080907F0033
:01AE5C0022D3
:0BAEE6009007E8EBF0A3EAF0A3E9F00E
:10AEF100EF60037F0422E49007F1F0A3F09007EFE5
:10AF0100E0FCA3E0FDA3E0FEA3E0FFC39DEE9C50A7
:10AF110059E4FCFD9007EBE0F8A3E0F9A3E0FAA304
:10AF2100E02FFFEA3EFEED39FDEC38FCC006C0071C
:10AF31009007F2E025E0FE9007E8A3E0FAA3E02401
:10AF410000F9EA3EAF019007F7F0A3EFF0D007D088
:10AF510006129943EF60037F01229007F2E004F0AB
:0CAF6100709B9007F1E004F080937F00EB
:01AF6D0022C1
:10C17C00EF60037F0422ED14600B24FE601B24038C
:10C18C0070217F0022900AA4E0FCA3E0FDA3E0FE56
:10C19C00A3E0FF1217DE7F00221218A90000000195
:06C1AC007F00227F042247
:08000300E4FFFE7D217C5C227C
:10AA7B00004C4F472E43535600646174652C746928
:10AA8B006D652C542843292C52482825292C5028F5
:10AA9B00685061292C414C54286D292C414C532C66
:10AAAB004D4147782C4D4147792C4D41477A2C43EA
:10AABB004F322870706D292C434F3252482825296C
:10AACB002C504D312E302C504D322E352C504D31CB
:10AADB00302C4E4F495345286442292C5753286D2F
:10AAEB002F73292C574428646567292C424154281D
:10AAFB0056290D0A004C4F47206F6B0D0A00323060
:01AB0B000049
:07C55200E0FF12C6BF7F2DC0
:10C5590090045BE0FEC3948A5012745C2EF582E469
:0DC569003404F583EFF090045BE004F02251
:10C87800121403FF600C12C559740129F9E43AFA3D
:03C8880080EE221D
:07B27200F9121571FFAEF0A7
:08B2790090074CEEF0A3EFF08A
:10B281004E70057F3002C559E4FB90074CE0700217
:10B29100A3E0603FEBC39405503990074CE0FEA357
:10B2A100E0FF7C007D0A12148FED2430FF74002B27
:10B2B100F582E43400F583EFF00B90074CE0FEA338
:10B2C100E0FF7C007D0A12148F90074CEEF0A3EF93
:10B2D100F080B7EB60121B74002BF582E43400F5AB
:08B2E10083E0FF12C55980EB68
:01B2E9002242
:07C4BF00F9121571FFAEF048
:10C4C600AD07AC06C3EC64809480500C7F2D12C57A
:0FC4D60059C3E49DFDE49CFCAE04AF0502B279AE
:10B67800E0FBA3E0FAA3E0900001F9121571FFAE18
:01B68800F0D1
:10B6890090074AEEF0A3EFF0C3EE64809480501A5D
:10B699007F2D12C55990074AE0FEA3E0FFC3E49F3E
:10B6A900FFE49E90074AF0A3EFF090074AE0FEA35B
:10B6B900E0FF7C007D0A1214E412B2797F2E12C5D4
:10B6C9005990074AE0FEA3E0FF7C007D0A1214E4CA
:07B6D900ED2430FF02C5590A
:10C6BF00AD07ED75F00A842430FF12C559ED75F002
:0AC6CF000A84E5F02430FF02C5598B
:109AEA00E490045AF0A3F0126436EF6003029BB9C3
:109AFA0090074F74FFF0A374AAF0A3747BF0A374C9
:109B0A0001F0FB7A02792A12940FEF6003029BB9E3
:109B1A0090074F74FFF0A374AAF0A3747CF0A374A7
:109B2A0012F07B017A0079061241EAEF6003029B88
:109B3A00B97B017A007906900011E0FCA3E0FDA34D
:109B4A00E0FEA3E0FF12350DEF60097B017A007990
:109B5A000602BEBFE4FFFEFDFC900011E0F8A3E0A0
:109B6A00F9A3E0FAA3E0FBC3121757703390074F2B
:109B7A0074FFF0A374AAF0A37484F0A3E4F0A374AE
:109B8A0071F0A37401F0A37407F0A3744AF07B0187
:109B9A007A007906122E0D7B017A007906126A780C
:0F9BAA0090045A7401F07BFF7AAB790012C82C3B
:019BB9002289
:105ED60090045AE070309004E8E0FEA3E0FFC3901F
:105EE6000B19E09FFF900B18E09EFEC3EF94D0EED7
:105EF600940750030261ACE0FFA3E09004E8CFF002
:105F0600A3EFF0029AEA9004E8E0FEA3E0FFC39054
:105F16000B19E09FFF900B18E09EFEC3EF9488EEEE
:105F2600941350030261ACE0FFA3E09004E8CFF0C5
:105F3600A3EFF012CA1790073BEBF0A3EAF0A3E930
:105F4600F012CA2590073EEBF0A3EAF0A3E9F0129F
:105F5600CA2C900741EBF0A3EAF0A3E9F012CA1E9F
:105F6600900744EBF0A3EAF0A3E9F012CA109007F9
:105F760047EBF0A3EAF0A3E9F07B017A0779331245
:105F86008F55EF700E900733F0A3F0A3F0A3F0A3A4
:105F9600F0A3F0E490045BF07BFF7AAB790912C8BA
:105FA6007890073312C55290073412C552900735C0
:105FB600E0FF12C6BF7F2C12C559900736E0FF12CC
:105FC600C6BF7F3A12C559900737E0FF12C6BF7F9A
:105FD6003A12C559900738E0FF12C6BF7F2C12C58A
:105FE6005990073B12B6787F2C12C55990073BE0B3
:105FF600FBA3E0FAA3E090000312B6827F2C12C541
:106006005990073BE0FBA3E0FAA3E0F990000612E3
:1060160017AEE47B0AFAF9F81216B812B6897F2C85
:1060260012C55990073BE0FBA3E0FAA3E090000AF3
:1060360012C4BF7F2C12C55990073BE0FBA3E0FAC0
:10604600A3E090000D12B2727F2C12C55990073B47
:10605600E0FBA3E0FAA3E090001012C4BF7F2C126D
:10606600C55990073BE0FBA3E0FAA3E0F9900012C4
:1060760012C4C07F2C12C55990073BE0FBA3E0FA7F
:10608600A3E0F990001412C4C07F2C12C5599007E2
:106096003BE0FBA3E0FAA3E090001712B2727F2C5C
:1060A60012C55990073BE0FBA3E0FAA3E0F9900084
:1060B6001B12B6837F2C12C559900744E0FBA3E060
:1060C600FAA3E0F990000112B2737F2C12C5599021
:1060D6000744E0FBA3E0FAA3E0F990000312B273D1
:1060E6007F2C12C559900744E0FBA3E0FAA3E0F920
:1060F60090000512B2737F2C12C55990074112B653
:10610600787F2C12C55990073E12B6787F2C12C59F
:106116005990073EE0FBA3E0FAA3E0F990000512D0
:10612600B6837F2C12C559900747E0FBA3E0FAA37C
:10613600E0F9121546FFAEF07C007D6412148F1252
:10614600B6897F0D12C5597F0A12C55990074F743B
:1061560001F0A37404F0A3745CF090045BE0FF907C
:106166000752E4F0A3EFF0A37401F0A37407F0A3C1
:106176007431F07B017A007906122E0DEF701090C3
:10618600045BE0FF900731E07003A3E06F600EE46C
:1061960090045AF07B017A00790602BEBF7B017A31
:0661A600007906126A7880
:0161AC0022D0
:06CA330090045AE0FF220E
:0300000002AD4608
:0CAD4600787FE4F6D8FD75810702AD8D22
:10130D00E709F608DFFA8046E709F208DFFA803EC2
:10131D0088828C83E709F0A3DFFA8032E309F608AF
:10132D00DFFA8078E309F208DFFA807088828C8317
:10133D00E309F0A3DFFA806489828A83E0A3F608CB
:10134D00DFFA805889828A83E0A3F208DFFA804CA5
:10135D0080D280FA80C680D4806980F2803380107C
:10136D0080A680EA809A80A880DA80E280CA8033E5
:10137D0089828A83ECFAE493A3C8C582C8CCC5835D
:10138D00CCF0A3C8C582C8CCC583CCDFE9DEE7802D
:10139D000D89828A83E493A3F608DFF9ECFAA9F0AC
:1013AD00EDFB2289828A83ECFAE0A3C8C582C8CC02
:1013BD00C583CCF0A3C8C582C8CCC583CCDFEADE1B
:1013CD00E880DB89828A83E493A3F208DFF980CC7D
:1013DD0088F0EF60010E4E60C388F0ED2402B40476
:1013ED000050B9F582EB2402B4040050AF2323451D
:0613FD00822390135D73D2
:10140300BB010689828A83E0225002E722BBFE02E7
:09141300E32289828A83E493221A
:10141C00BB010CE58229F582E5833AF583E0225085
:10142C0006E92582F8E622BBFE06E92582F8E222CF
:0D143C00E58229F582E5833AF583E49322E9
:10144900BB010689828A83F0225002F722BBFE0182
:02145900F3227C
:10145B00F8BB010DE58229F582E5833AF583E8F0C7
:10146B00225006E92582C8F622BBFE05E92582C873
:02147B00F2225B
:10147D00EF8DF0A4A8F0CF8CF0A428CE8DF0A42E83
:02148D00FE223D
:10148F00BC000BBE0029EF8DF084FFADF022E4CC41
:10149F00F875F008EF2FFFEE33FEEC33FCEE9DEC0A
:1014AF00984005FCEE9DFE0FD5F0E9E4CEFD22ED50
:1014BF00F8F5F0EE8420D21CFEADF075F008EF2F9A
:1014CF00FFED33FD4007985006D5F0F222C398FD8B
:0514DF000FD5F0EA2228
:1014E400C2D5EC30E709B2D5E4C39DFDE49CFCEE23
:1014F40030E715B2D5E4C39FFFE49EFE12148FC3F8
:10150400E49DFDE49CFC800312148F30D507C3E4F2
:061514009FFFE49EFE2291
:10151A00C5F0F8A3E028F0C5F0F8E582158270025C
:06152A001583E038F022F9
:10153000A3F8E0C5F025F0F0E5821582700215836E
:06154000E0C838F0E822CB
:10154600BB010A89828A83E0F5F0A3E02250068770
:10155600F009E71922BBFE07E3F5F009E319228932
:0B156600828A83E493F5F07401932265
:10157100BB0110E58229F582E5833AF583E0F5F0B8
:10158100A3E0225009E92582F886F008E622BBFE95
:101591000AE92582F8E2F5F008E222E5832AF583DB
:0815A100E993F5F0A3E99322A0
:1015A900BB010789828A8302151A500B09C5F027E6
:1015B900F7C5F01937F722BBFE0D09F8E325F0F35B
:1015C900C5F019E338F322F889828A8374019325D7
:0815D900F0C5F0F8E49338229C
:1015E100BB010A89828A83F0E5F0A3F0225006F755
:0F15F10009A7F01922BBFE06F3E5F009F3192252
:10160000F8BB0111E58229F582E5833AF583E8F01C
:10161000E5F0A3F0225009E92582C8F608A6F022D9
:0D162000BBFE09E92582C8F2E5F008F222C0
:10162D00E88FF0A4CC8BF0A42CFCE98EF0A42CFC5C
:10163D008AF0EDA42CFCEA8EF0A4CDA8F08BF0A4DA
:10164D002DCC3825F0FDE98FF0A42CCD35F0FCEB39
:10165D008EF0A4FEA9F0EB8FF0A4CFC5F02ECD39FE
:0F166D00FEE43CFCEAA42DCE35F0FDE43CFC226B
:10167C0075F008758200EF2FFFEE33FECD33CDCC25
:10168C0033CCC58233C5829BED9AEC99E5829840A8
:10169C000CF582EE9BFEED9AFDEC99FC0FD5F0D685
:1016AC00E4CEFBE4CDFAE4CCF9A88222B800C1B9AF
:1016BC000059BA002DEC8BF084CFCECDFCE5F0CBED
:1016CC00F97818EF2FFFEE33FEED33FDEC33FCEB26
:1016DC0033FB10D703994004EB99FB0FD8E5E4F9E1
:1016EC00FA227818EF2FFFEE33FEED33FDEC33FCCE
:1016FC00C933C910D7059BE99A4007EC9BFCE99AC2
:10170C00F90FD8E0E4C9FAE4CCFB2275F010EF2F06
:10171C00FFEE33FEED33FDCC33CCC833C810D70706
:10172C009BEC9AE899400AED9BFDEC9AFCE899F841
:0E173C000FD5F0DAE4CDFBE4CCFAE4C8F922D4
:10004600C2D5E830E70FB2D5E4C39BFBE49AFAE4E5
:1000560099F9E498F8EC30E717B2D512007C12163D
:10006600B8E4C39BFBE49AFAE499F9E498F88003B0
:100076001216B830D50DE4C39FFFE49EFEE49DFD45
:04008600E49CFC22D8
:0D174A00CFF4CFCEF4CECDF4CDCCF4CC2234
:10175700EB9FF5F0EA9E42F0E99D42F0E89C45F0E8
:01176700225F
:10176800E8600FECC313FCED13FDEE13FEEF13FF5F
:03177800D8F12283
:10177B00E8600FEFC333FFEE33FEED33FDEC33FCCC
:03178B00D8F12270
:10178E00BB010789828A83021BFA5005E9F8021B06
:10179E00EEBBFE05E9F8021C0689828A83021C1242
:1017AE00BB010DE58229F582E5833AF583021BFA2A
:1017BE005007E92582F8021BEEBBFE07E92582F8E9
:1017CE00021C06E58229F582E5833AF583021C1296
:1017DE00BB010789828A8302186C5005E9F8021C46
:0A17EE0058BBFE05E9F8021C642256
:1017F800BB010DE58229F582E5833AF58302186C71
:101808005007E92582F8021C58BBFE07E92582F833
:04181800021C642228
:10181C00BB010789828A83021C2F5005E9F8021C40
:10182C0022BBFE05E9F8021C3B89828A83021C4814
:10183C00BB010DE58229F582E5833AF583021C2F65
:10184C005007E92582F8021C22BBFE07E92582F825
:10185C00021C3BE58229F582E5833AF583021C489C
:0C186C00ECF0A3EDF0A3EEF0A3EFF022EF
:10187800A8828583F0D083D08212188F12188F1215
:10188800188F12188FE473E493A3C583C5F0C5833A
:10189800C8C582C8F0A3C583C5F0C583C8C582C8BA
:0118A800221D
:1018A900BB010789828A830218785005E9F8021C6E
:0A18B90070BBFE05E9F8021C89224D
:1018C300BB010DE58229F582E5833AF58302187899
:1018D3005007E92582F8021C70BBFE07E92582F850
:0418E300021C892238
:0C18E700A42582F582E5F03583F583220C
:1018F300BB010789828A83021CB45005E9F8021CE4
:10190300A2BBFE05E9F8021CC689828A83021CD8A1
:10191300BB011A89828A83D0F0D0E0F8D0E0F9D0F5
:10192300E0FAD0E0FBE8C0E0C0F0021CBD5016E9CD
:10193300F8D083D082D0E0F9D0E0FAD0E0FBC082C7
:10194300C083021CABBBFE16E9F8D083D082D0E083
:0F195300F9D0E0FAD0E0FBC082C083021CCF22A3
:10196200BB010DE58229F582E5833AF583021CB4B9
:101972005007E92582F8021CA2BBFE07E92582F87E
:10198200021CC6E58229F582E5833AF583021CD85A
:10199200BB0120E58229F582E5833AF583D0F0D0B8
:1019A200E0F8D0E0F9D0E0FAD0E0FBE8C0E0C0F027
:1019B200021CBD5018E92582F8D083D082D0E0F90C
:1019C200D0E0FAD0E0FBC082C083021CABBBFE18A1
:1019D200E92582F8D083D082D0E0F9D0E0FAD0E0D5
:0919E200FBC082C083021CCF226D
:1019EB00EC8EF0A4CCC5F0CCCDF8EFA4CEC5F02D89
:1019FB00FDE43CFCE8A42EC8C5F03DFDE43CFCEF47
:0D1A0B00A4FFE5F028FEE43DFDE43CFC22D4
:10C66F00E94A4B700122121403FF6D700122EF7023
:0CC67F0004FBFAF92209E970ED0A80EAD8
:101A1800E3F5F009E208B5F06BDFF58067E3F5F070
:101A280009E608B5F05EDFF5805A87F009E608B5E3
:101A3800F052DFF6804E87F009E208B5F046DFF68F
:101A4800804288828C8387F009E0A3B5F036DFF600
:101A5800803288828C8387F009E493A3B5F025DF70
:101A6800F5802188828C83E3F5F009E0A3B5F014B2
:101A7800DFF5801088828C83E3F5F009E493A3B541
:101A8800F002DFF4021B47808780E9809080D480D1
:101A98003E8015806E807E809D80B7808D80A3807B
:101AA800518074803C021B5389828A83ECFAE49348
:101AB800F5F0A3C8C582C8CCC583CCE493A3C8C538
:101AC80082C8CCC583CCB5F076DFE3DEE1807089CF
:101AD800828A83E493F5F0A3E208B5F062DFF4802C
:101AE8005E89828A83E0F5F0A3E608B5F051DFF558
:101AF800804D89828A83E0F5F0A3E208B5F040DFE3
:101B0800F5803C89828A83E493F5F0A3E608B5F072
:101B18002EDFF4802A8002805789828A83ECFAE4D7
:101B280093F5F0A3C8C582C8CCC583CCE0A3C8C5CB
:101B380082C8CCC583CCB5F006DFE4DEE280007F46
:101B4800FFB5F0020F2240027F012289828A83ECCE
:101B5800FAE0F5F0A3C8C582C8CCC583CCE0A3C819
:101B6800C582C8CCC583CCB5F0D5DFE5DEE380CF30
:101B780089828A83ECFAE0F5F0A3C8C582C8CCC58F
:101B880083CCE493A3C8C582C8CCC583CCB5F0AFD9
:101B9800DFE4DEE280A988F0EF60010E4E60ABED75
:101BA8002402B404005098F582EB2402B4040050D7
:0A1BB8008E2323458223901A8F73B9
:101BC200EF4E6012EF60010EEDBB010B89828A833A
:101BD200F0A3DFFCDEFA2289F05007F709DFFCA947
:0C1BE200F022BBFEFCF309DFFCA9F0229E
:10AD520002BAB6E493A3F8E493A34003F68001F2A7
:10AD620008DFF48029E493A3F85407240CC8C33302
:10AD7200C4540F4420C8834004F456800146F6DFD1
:10AD8200E4800B010204081020408090AC2BE47E8A
:10AD9200019360BCA3FF543F30E509541FFEE493C6
:10ADA200A360010ECF54C025E060A840B8E493A38D
:10ADB200FAE493A3F8E493A3C8C582C8CAC583CAB8
:10ADC200F0A3C8C582C8CAC583CADFE9DEE780BE70
:01ACB900009A
:0C1BEE00E6FC08E6FD08E6FE08E6FF2223
:0C1BFA00E0FCA3E0FDA3E0FEA3E0FF225E
:0C1C0600E2FC08E2FD08E2FE08E2FF221A
:101C1200E493FC740193FD740293FE740393FF2218
:0D1C2200E6FB08E6F908E6FA08E6CBF82232
:0C1C2F00E0F8A3E0F9A3E0FAA3E0FB2238
:0D1C3B00E2FB08E2F908E2FA08E2CBF82229
:101C4800E493F8740193F9740293FA740393FB22F2
:0C1C5800ECF608EDF608EEF608EFF622B8
:0C1C6400ECF208EDF208EEF208EFF222BC
:101C7000D083D082E493F608740193F6087402933B
:091C8000F608740393F674047372
:101C8900D083D082E493F208740193F2087402932A
:091C9900F208740393F274047361
:091CA200E6FB08E6FA08E6F92267
:091CAB00EBF608EAF608E9F6225E
:091CB400E0FBA3E0FAA3E0F92231
:091CBD00EBF0A3EAF0A3E9F02228
:091CC600E2FB08E2FA08E2F9224F
:091CCF00EBF208EAF208E9F22246
:0C1CD800E493FB740193FA740293F92268
:00000001FF
